{
"type": "FeatureCollection",
"name": "2025-12-15_outline_injection_v2",
"crs": { "type": "name", "properties": { "name": "urn:ogc:def:crs:EPSG::25833" } },
"features": [
{ "type": "Feature", "properties": { "fid": 1, "DN": 126 }, "geometry": { "type": "MultiPolygon", "coordinates": [ [ [ [ 417081.664539709454402, 5752371.655826850794256 ], [ 417081.664539709454402, 5752460.379014411941171 ], [ 416993.00678934622556, 5752460.379014411941171 ], [ 416993.00678934622556, 5752549.102201974019408 ], [ 416727.033538256655447, 5752549.102201974019408 ], [ 416727.033538256655447, 5752726.548577097244561 ], [ 416638.375787893484812, 5752726.548577097244561 ], [ 416638.375787893484812, 5752815.271764659322798 ], [ 416461.060287167085335, 5752815.271764659322798 ], [ 416461.060287167085335, 5752903.994952220469713 ], [ 416372.402536803856492, 5752903.994952220469713 ], [ 416372.402536803856492, 5752992.718139782547951 ], [ 416283.744786440685857, 5752992.718139782547951 ], [ 416283.744786440685857, 5753170.164514905773103 ], [ 416195.087036077515222, 5753170.164514905773103 ], [ 416195.087036077515222, 5753347.610890028998256 ], [ 416106.42928571428638, 5753347.610890028998256 ], [ 416106.42928571428638, 5753436.334077591076493 ], [ 416017.771535351115745, 5753436.334077591076493 ], [ 416017.771535351115745, 5754057.396390522830188 ], [ 416017.771535351115745, 5754146.119578084908426 ], [ 416017.771535351115745, 5754234.842765646055341 ], [ 415929.113784987886902, 5754234.842765646055341 ], [ 415929.113784987886902, 5754323.565953208133578 ], [ 415929.113784987886902, 5754501.012328331358731 ], [ 416017.771535351115745, 5754501.012328331358731 ], [ 416017.771535351115745, 5754589.735515893436968 ], [ 416017.771535351115745, 5754678.458703454583883 ], [ 416017.771535351115745, 5754767.181891016662121 ], [ 416017.771535351115745, 5754944.628266139887273 ], [ 416017.771535351115745, 5755122.074641263112426 ], [ 416017.771535351115745, 5756452.922454688698053 ], [ 416017.771535351115745, 5756630.368829811923206 ], [ 416017.771535351115745, 5756807.815204935148358 ], [ 416017.771535351115745, 5756896.538392497226596 ], [ 416017.771535351115745, 5756985.261580059304833 ], [ 416017.771535351115745, 5757961.216643237508833 ], [ 416106.42928571428638, 5757961.216643237508833 ], [ 416106.42928571428638, 5758227.386205922812223 ], [ 416017.771535351115745, 5758227.386205922812223 ], [ 416017.771535351115745, 5759292.064456663094461 ], [ 416017.771535351115745, 5759469.510831786319613 ], [ 416017.771535351115745, 5760001.849957156926394 ], [ 415929.113784987886902, 5760001.849957156926394 ], [ 415929.113784987886902, 5760179.296332280151546 ], [ 415929.113784987886902, 5760356.742707403376698 ], [ 415929.113784987886902, 5760534.189082526601851 ], [ 415929.113784987886902, 5760622.912270088680089 ], [ 415929.113784987886902, 5760800.358645211905241 ], [ 415929.113784987886902, 5760977.805020335130394 ], [ 415929.113784987886902, 5761066.528207897208631 ], [ 415929.113784987886902, 5761155.251395458355546 ], [ 415929.113784987886902, 5761421.420958143658936 ], [ 416017.771535351115745, 5761421.420958143658936 ], [ 416017.771535351115745, 5762929.715146692469716 ], [ 416017.771535351115745, 5763107.161521815694869 ], [ 416017.771535351115745, 5763373.331084500998259 ], [ 416106.42928571428638, 5763373.331084500998259 ], [ 416106.42928571428638, 5764171.839772556908429 ], [ 416195.087036077515222, 5764171.839772556908429 ], [ 416195.087036077515222, 5764970.348460611887276 ], [ 416283.744786440685857, 5764970.348460611887276 ], [ 416283.744786440685857, 5765059.071648173034191 ], [ 416372.402536803856492, 5765059.071648173034191 ], [ 416372.402536803856492, 5765147.794835735112429 ], [ 416461.060287167085335, 5765147.794835735112429 ], [ 416461.060287167085335, 5765413.964398420415819 ], [ 416549.71803753025597, 5765413.964398420415819 ], [ 416549.71803753025597, 5765502.687585981562734 ], [ 416638.375787893484812, 5765502.687585981562734 ], [ 416638.375787893484812, 5765591.410773543640971 ], [ 416727.033538256655447, 5765591.410773543640971 ], [ 416727.033538256655447, 5765680.133961105719209 ], [ 416815.69128861988429, 5765680.133961105719209 ], [ 416815.69128861988429, 5765946.303523790091276 ], [ 416904.349038983054925, 5765946.303523790091276 ], [ 416904.349038983054925, 5766035.026711352169514 ], [ 416993.00678934622556, 5766035.026711352169514 ], [ 416993.00678934622556, 5766123.749898914247751 ], [ 417081.664539709454402, 5766123.749898914247751 ], [ 417081.664539709454402, 5766389.919461598619819 ], [ 417170.322290072625037, 5766389.919461598619819 ], [ 417170.322290072625037, 5766478.642649160698056 ], [ 417170.322290072625037, 5766567.365836722776294 ], [ 417258.98004043585388, 5766567.365836722776294 ], [ 417258.98004043585388, 5766656.089024283923209 ], [ 417347.637790799024515, 5766656.089024283923209 ], [ 417347.637790799024515, 5766833.535399407148361 ], [ 417436.295541162253357, 5766833.535399407148361 ], [ 417436.295541162253357, 5767099.704962092451751 ], [ 417524.953291525423992, 5767099.704962092451751 ], [ 417524.953291525423992, 5767277.151337215676904 ], [ 417613.611041888652835, 5767277.151337215676904 ], [ 417613.611041888652835, 5767454.597712338902056 ], [ 417702.26879225182347, 5767454.597712338902056 ], [ 417702.26879225182347, 5767543.320899900980294 ], [ 417790.926542614994105, 5767543.320899900980294 ], [ 417790.926542614994105, 5767898.213650147430599 ], [ 417879.584292978222948, 5767898.213650147430599 ], [ 417879.584292978222948, 5767986.936837709508836 ], [ 417968.242043341393583, 5767986.936837709508836 ], [ 417968.242043341393583, 5768253.106400394812226 ], [ 418056.899793704622425, 5768253.106400394812226 ], [ 418056.899793704622425, 5768341.829587955959141 ], [ 418145.55754406779306, 5768341.829587955959141 ], [ 418145.55754406779306, 5768696.722338203340769 ], [ 418234.215294431021903, 5768696.722338203340769 ], [ 418234.215294431021903, 5768785.445525764487684 ], [ 418322.873044794192538, 5768785.445525764487684 ], [ 418322.873044794192538, 5768874.168713326565921 ], [ 418411.53079515742138, 5768874.168713326565921 ], [ 418411.53079515742138, 5769140.338276011869311 ], [ 418500.188545520592015, 5769140.338276011869311 ], [ 418500.188545520592015, 5769317.784651135094464 ], [ 418588.84629588376265, 5769317.784651135094464 ], [ 418588.84629588376265, 5769583.954213820397854 ], [ 418677.504046246991493, 5769583.954213820397854 ], [ 418677.504046246991493, 5769672.677401381544769 ], [ 418766.161796610162128, 5769672.677401381544769 ], [ 418766.161796610162128, 5769761.400588943623006 ], [ 418854.81954697339097, 5769761.400588943623006 ], [ 418854.81954697339097, 5769938.846964066848159 ], [ 418854.81954697339097, 5770116.293339190073311 ], [ 419032.135047699790448, 5770116.293339190073311 ], [ 419032.135047699790448, 5770205.016526752151549 ], [ 419120.792798062961083, 5770205.016526752151549 ], [ 419120.792798062961083, 5770382.462901875376701 ], [ 419209.450548426131718, 5770382.462901875376701 ], [ 419209.450548426131718, 5770559.909276998601854 ], [ 419298.10829878936056, 5770559.909276998601854 ], [ 419298.10829878936056, 5770648.632464560680091 ], [ 419386.766049152531195, 5770648.632464560680091 ], [ 419386.766049152531195, 5770737.355652121827006 ], [ 419475.423799515760038, 5770737.355652121827006 ], [ 419475.423799515760038, 5770826.078839683905244 ], [ 419564.081549878930673, 5770826.078839683905244 ], [ 419564.081549878930673, 5771003.525214807130396 ], [ 419652.739300242159516, 5771003.525214807130396 ], [ 419652.739300242159516, 5771092.248402369208634 ], [ 419741.397050605330151, 5771092.248402369208634 ], [ 419741.397050605330151, 5771180.971589930355549 ], [ 419830.054800968500786, 5771180.971589930355549 ], [ 419830.054800968500786, 5771358.417965054512024 ], [ 419918.712551331729628, 5771358.417965054512024 ], [ 419918.712551331729628, 5771535.864340177737176 ], [ 420007.370301694900263, 5771535.864340177737176 ], [ 420007.370301694900263, 5771624.587527738884091 ], [ 420096.028052058129106, 5771624.587527738884091 ], [ 420096.028052058129106, 5771713.310715300962329 ], [ 420184.685802421299741, 5771713.310715300962329 ], [ 420184.685802421299741, 5771802.033902862109244 ], [ 420273.343552784528583, 5771802.033902862109244 ], [ 420273.343552784528583, 5771979.480277986265719 ], [ 420362.001303147699218, 5771979.480277986265719 ], [ 420362.001303147699218, 5772068.203465547412634 ], [ 420450.659053510928061, 5772068.203465547412634 ], [ 420450.659053510928061, 5772245.649840670637786 ], [ 420539.316803874098696, 5772245.649840670637786 ], [ 420539.316803874098696, 5772423.096215794794261 ], [ 420716.632304600498173, 5772423.096215794794261 ], [ 420716.632304600498173, 5772511.819403355941176 ], [ 420805.290054963668808, 5772511.819403355941176 ], [ 420805.290054963668808, 5772689.265778479166329 ], [ 420893.947805326897651, 5772689.265778479166329 ], [ 420893.947805326897651, 5772777.988966041244566 ], [ 420982.605555690068286, 5772777.988966041244566 ], [ 420982.605555690068286, 5772955.435341164469719 ], [ 421071.263306053297129, 5772955.435341164469719 ], [ 421071.263306053297129, 5773044.158528726547956 ], [ 421159.921056416467763, 5773044.158528726547956 ], [ 421159.921056416467763, 5773132.881716287694871 ], [ 421248.578806779696606, 5773132.881716287694871 ], [ 421248.578806779696606, 5773221.604903849773109 ], [ 421425.894307506037876, 5773221.604903849773109 ], [ 421425.894307506037876, 5773487.774466535076499 ], [ 421514.552057869266719, 5773487.774466535076499 ], [ 421514.552057869266719, 5773576.497654096223414 ], [ 421691.867558595666196, 5773576.497654096223414 ], [ 421691.867558595666196, 5773842.667216781526804 ], [ 421780.525308958836831, 5773842.667216781526804 ], [ 421780.525308958836831, 5773931.390404343605042 ], [ 421957.840809685236309, 5773931.390404343605042 ], [ 421957.840809685236309, 5774020.113591904751956 ], [ 422046.498560048406944, 5774020.113591904751956 ], [ 422046.498560048406944, 5774197.559967027977109 ], [ 422223.814060774806421, 5774197.559967027977109 ], [ 422223.814060774806421, 5774375.006342152133584 ], [ 422312.471811138035264, 5774375.006342152133584 ], [ 422312.471811138035264, 5774463.729529713280499 ], [ 422401.129561501205899, 5774463.729529713280499 ], [ 422401.129561501205899, 5774552.452717275358737 ], [ 422489.787311864434741, 5774552.452717275358737 ], [ 422489.787311864434741, 5774641.175904836505651 ], [ 422578.445062227605376, 5774641.175904836505651 ], [ 422578.445062227605376, 5774818.622279960662127 ], [ 422667.102812590776011, 5774818.622279960662127 ], [ 422667.102812590776011, 5774907.345467521809042 ], [ 422755.760562954004854, 5774907.345467521809042 ], [ 422755.760562954004854, 5774996.068655083887279 ], [ 422844.418313317175489, 5774996.068655083887279 ], [ 422844.418313317175489, 5775084.791842645034194 ], [ 422933.076063680404332, 5775084.791842645034194 ], [ 422933.076063680404332, 5775173.515030207112432 ], [ 423021.733814043574966, 5775173.515030207112432 ], [ 423021.733814043574966, 5775350.961405330337584 ], [ 423110.391564406803809, 5775350.961405330337584 ], [ 423110.391564406803809, 5775439.684592892415822 ], [ 423199.049314769974444, 5775439.684592892415822 ], [ 423199.049314769974444, 5775528.407780453562737 ], [ 423287.707065133203287, 5775528.407780453562737 ], [ 423287.707065133203287, 5775617.130968015640974 ], [ 423553.680316222773399, 5775617.130968015640974 ], [ 423553.680316222773399, 5775794.577343138866127 ], [ 423730.995816949172877, 5775794.577343138866127 ], [ 423730.995816949172877, 5775883.300530700944364 ], [ 423908.311317675572354, 5775883.300530700944364 ], [ 423908.311317675572354, 5775972.023718262091279 ], [ 424085.626818401913624, 5775972.023718262091279 ], [ 424085.626818401913624, 5776060.746905824169517 ], [ 424262.942319128313102, 5776060.746905824169517 ], [ 424262.942319128313102, 5776149.470093386247754 ], [ 424528.915570217941422, 5776149.470093386247754 ], [ 424528.915570217941422, 5776326.916468509472907 ], [ 424617.573320581112057, 5776326.916468509472907 ], [ 424617.573320581112057, 5776415.639656070619822 ], [ 424706.2310709443409, 5776415.639656070619822 ], [ 424706.2310709443409, 5776504.362843632698059 ], [ 424794.888821307511535, 5776504.362843632698059 ], [ 424794.888821307511535, 5776593.086031193844974 ], [ 424883.546571670682169, 5776593.086031193844974 ], [ 424883.546571670682169, 5776770.532406318001449 ], [ 424972.204322033911012, 5776770.532406318001449 ], [ 424972.204322033911012, 5776859.255593879148364 ], [ 425060.862072397081647, 5776859.255593879148364 ], [ 425060.862072397081647, 5776947.978781441226602 ], [ 425149.51982276031049, 5776947.978781441226602 ], [ 425149.51982276031049, 5777036.701969002373517 ], [ 425238.177573123481125, 5777036.701969002373517 ], [ 425238.177573123481125, 5777125.425156564451754 ], [ 425326.835323486709967, 5777125.425156564451754 ], [ 425326.835323486709967, 5777302.871531687676907 ], [ 425415.493073849880602, 5777302.871531687676907 ], [ 425415.493073849880602, 5777391.594719249755144 ], [ 425504.150824213051237, 5777391.594719249755144 ], [ 425504.150824213051237, 5777480.317906810902059 ], [ 425592.80857457628008, 5777480.317906810902059 ], [ 425592.80857457628008, 5777569.041094372980297 ], [ 425770.124075302679557, 5777569.041094372980297 ], [ 425770.124075302679557, 5777746.487469496205449 ], [ 425770.124075302679557, 5777835.210657058283687 ], [ 425947.439576029079035, 5777835.210657058283687 ], [ 425947.439576029079035, 5777923.933844619430602 ], [ 426036.09732639224967, 5777923.933844619430602 ], [ 426036.09732639224967, 5778012.657032181508839 ], [ 426124.755076755420305, 5778012.657032181508839 ], [ 426124.755076755420305, 5778101.380219743587077 ], [ 426302.070577481819782, 5778101.380219743587077 ], [ 426302.070577481819782, 5778278.826594866812229 ], [ 426390.728327845048625, 5778278.826594866812229 ], [ 426390.728327845048625, 5778367.549782427959144 ], [ 426656.701578934618738, 5778367.549782427959144 ], [ 426656.701578934618738, 5778456.272969990037382 ], [ 426745.35932929784758, 5778456.272969990037382 ], [ 426745.35932929784758, 5778544.996157551184297 ], [ 427011.332580387417693, 5778544.996157551184297 ], [ 427011.332580387417693, 5778722.442532675340772 ], [ 427188.64808111381717, 5778722.442532675340772 ], [ 427188.64808111381717, 5778811.165720236487687 ], [ 427631.93683292978676, 5778811.165720236487687 ], [ 427631.93683292978676, 5778899.888907798565924 ], [ 428163.883335108985193, 5778899.888907798565924 ], [ 428163.883335108985193, 5778988.612095359712839 ], [ 428518.514336561725941, 5778988.612095359712839 ], [ 428518.514336561725941, 5779077.335282921791077 ], [ 429050.460838740924373, 5779077.335282921791077 ], [ 429050.460838740924373, 5779166.058470483869314 ], [ 429405.091840193723328, 5779166.058470483869314 ], [ 429405.091840193723328, 5779343.504845607094467 ], [ 429848.380592009692919, 5779343.504845607094467 ], [ 429848.380592009692919, 5779432.228033168241382 ], [ 430025.696092736092396, 5779432.228033168241382 ], [ 430025.696092736092396, 5779520.951220730319619 ], [ 430291.669343825662509, 5779520.951220730319619 ], [ 430291.669343825662509, 5779609.674408292397857 ], [ 430468.984844552061986, 5779609.674408292397857 ], [ 430557.642594915232621, 5779609.674408292397857 ], [ 430557.642594915232621, 5779698.397595853544772 ], [ 430823.615846004860941, 5779698.397595853544772 ], [ 430823.615846004860941, 5779875.843970976769924 ], [ 431000.931346731260419, 5779875.843970976769924 ], [ 431000.931346731260419, 5779964.567158538848162 ], [ 431089.589097094431054, 5779964.567158538848162 ], [ 431266.904597820830531, 5779964.567158538848162 ], [ 431266.904597820830531, 5780053.290346100926399 ], [ 431444.220098547230009, 5780053.290346100926399 ], [ 431444.220098547230009, 5780142.013533662073314 ], [ 431710.193349636800122, 5780142.013533662073314 ], [ 431710.193349636800122, 5780230.736721224151552 ], [ 431976.166600726370234, 5780230.736721224151552 ], [ 431976.166600726370234, 5780408.183096347376704 ], [ 432242.139851815998554, 5780408.183096347376704 ], [ 432242.139851815998554, 5780496.906283909454942 ], [ 432419.455352542339824, 5780496.906283909454942 ], [ 432419.455352542339824, 5780585.629471470601857 ], [ 432685.428603631968144, 5780585.629471470601857 ], [ 432685.428603631968144, 5780674.352659032680094 ], [ 432774.086353995138779, 5780674.352659032680094 ], [ 432862.744104358367622, 5780674.352659032680094 ], [ 432862.744104358367622, 5780763.075846593827009 ], [ 433128.717355447937734, 5780763.075846593827009 ], [ 433128.717355447937734, 5780940.522221717052162 ], [ 433217.375105811166577, 5780940.522221717052162 ], [ 433306.032856174337212, 5780940.522221717052162 ], [ 433306.032856174337212, 5781029.245409279130399 ], [ 433394.690606537507847, 5781029.245409279130399 ], [ 433483.34835690073669, 5781029.245409279130399 ], [ 433483.34835690073669, 5781117.968596841208637 ], [ 433926.63710871670628, 5781117.968596841208637 ], [ 434103.952609443105757, 5781117.968596841208637 ], [ 434103.952609443105757, 5781206.691784402355552 ], [ 434458.583610895904712, 5781206.691784402355552 ], [ 434547.241361259075347, 5781206.691784402355552 ], [ 434547.241361259075347, 5781295.414971964433789 ], [ 434901.872362711874302, 5781295.414971964433789 ], [ 434990.530113075044937, 5781295.414971964433789 ], [ 434990.530113075044937, 5781472.861347087658942 ], [ 435433.818864891014528, 5781472.861347087658942 ], [ 435433.818864891014528, 5781561.584534649737179 ], [ 435965.76536707021296, 5781561.584534649737179 ], [ 435965.76536707021296, 5781650.307722210884094 ], [ 436320.396368523011915, 5781650.307722210884094 ], [ 436320.396368523011915, 5781739.030909772962332 ], [ 436675.027369975810871, 5781739.030909772962332 ], [ 436675.027369975810871, 5781827.754097334109247 ], [ 437029.658371428551618, 5781827.754097334109247 ], [ 437029.658371428551618, 5782005.200472458265722 ], [ 437295.631622518179938, 5782005.200472458265722 ], [ 437384.289372881350573, 5782005.200472458265722 ], [ 437472.947123244521208, 5782005.200472458265722 ], [ 437472.947123244521208, 5782093.923660019412637 ], [ 437561.604873607750051, 5782093.923660019412637 ], [ 437650.262623970920686, 5782093.923660019412637 ], [ 437650.262623970920686, 5782182.646847581490874 ], [ 437916.235875060549006, 5782182.646847581490874 ], [ 437916.235875060549006, 5782271.370035142637789 ], [ 438093.551375786890276, 5782271.370035142637789 ], [ 438182.209126150119118, 5782271.370035142637789 ], [ 438182.209126150119118, 5782360.093222704716027 ], [ 438448.182377239689231, 5782360.093222704716027 ], [ 438448.182377239689231, 5782537.539597827941179 ], [ 438625.497877966088708, 5782537.539597827941179 ], [ 438625.497877966088708, 5782626.262785390019417 ], [ 438714.155628329317551, 5782626.262785390019417 ], [ 438802.813378692488186, 5782626.262785390019417 ], [ 438802.813378692488186, 5782714.985972951166332 ], [ 439068.786629782058299, 5782714.985972951166332 ], [ 439068.786629782058299, 5782803.709160513244569 ], [ 439246.102130508457776, 5782803.709160513244569 ], [ 439246.102130508457776, 5782892.432348075322807 ], [ 439334.759880871686619, 5782892.432348075322807 ], [ 439334.759880871686619, 5783069.878723198547959 ], [ 439512.075381598086096, 5783069.878723198547959 ], [ 439512.075381598086096, 5783158.601910759694874 ], [ 439689.390882324427366, 5783158.601910759694874 ], [ 439689.390882324427366, 5783336.048285882920027 ], [ 439778.048632687656209, 5783336.048285882920027 ], [ 439866.706383050826844, 5783336.048285882920027 ], [ 439866.706383050826844, 5783513.494661007076502 ], [ 439955.364133414055686, 5783513.494661007076502 ], [ 439955.364133414055686, 5783602.217848568223417 ], [ 440044.021883777226321, 5783602.217848568223417 ], [ 440044.021883777226321, 5783690.941036130301654 ], [ 440132.679634140455164, 5783690.941036130301654 ], [ 440132.679634140455164, 5783779.664223691448569 ], [ 440221.337384503625799, 5783779.664223691448569 ], [ 440221.337384503625799, 5783957.110598815605044 ], [ 440309.995134866796434, 5783957.110598815605044 ], [ 440309.995134866796434, 5784400.726536624133587 ], [ 440398.652885230025277, 5784400.726536624133587 ], [ 440398.652885230025277, 5784578.172911747358739 ], [ 440487.310635593195911, 5784578.172911747358739 ], [ 440487.310635593195911, 5784666.896099308505654 ], [ 440575.968385956424754, 5784666.896099308505654 ], [ 440575.968385956424754, 5784933.065661993809044 ], [ 440664.626136319595389, 5784933.065661993809044 ], [ 440664.626136319595389, 5785021.788849555887282 ], [ 440664.626136319595389, 5785110.512037117034197 ], [ 440664.626136319595389, 5785465.404787364415824 ], [ 440753.283886682824232, 5785465.404787364415824 ], [ 440753.283886682824232, 5785642.851162487640977 ], [ 440841.941637045994867, 5785642.851162487640977 ], [ 440841.941637045994867, 5785909.020725172944367 ], [ 440930.599387409165502, 5785909.020725172944367 ], [ 440930.599387409165502, 5786086.467100296169519 ], [ 440930.599387409165502, 5786175.190287857316434 ], [ 441019.257137772394344, 5786175.190287857316434 ], [ 441019.257137772394344, 5786352.636662981472909 ], [ 441019.257137772394344, 5786707.529413227923214 ], [ 441107.914888135564979, 5786707.529413227923214 ], [ 441107.914888135564979, 5786884.975788351148367 ], [ 441196.572638498793822, 5786884.975788351148367 ], [ 441196.572638498793822, 5786973.698975913226604 ], [ 441196.572638498793822, 5787062.422163474373519 ], [ 441196.572638498793822, 5787239.868538598529994 ], [ 441285.230388861964457, 5787239.868538598529994 ], [ 441285.230388861964457, 5787417.314913721755147 ], [ 441285.230388861964457, 5788127.100414214655757 ], [ 441373.888139225193299, 5788127.100414214655757 ], [ 441373.888139225193299, 5788570.716352023184299 ], [ 441462.545889588363934, 5788570.716352023184299 ], [ 441462.545889588363934, 5788748.162727147340775 ], [ 441639.861390314763412, 5788748.162727147340775 ], [ 441639.861390314763412, 5788836.885914708487689 ], [ 441728.519140677934047, 5788836.885914708487689 ], [ 441728.519140677934047, 5789014.332289831712842 ], [ 441817.176891041162889, 5789014.332289831712842 ], [ 441817.176891041162889, 5789103.05547739379108 ], [ 441817.176891041162889, 5789191.778664955869317 ], [ 441905.834641404333524, 5789191.778664955869317 ], [ 441905.834641404333524, 5789280.501852517016232 ], [ 441994.492391767562367, 5789280.501852517016232 ], [ 441994.492391767562367, 5789546.671415202319622 ], [ 441905.834641404333524, 5789546.671415202319622 ], [ 441905.834641404333524, 5789635.39460276439786 ], [ 441905.834641404333524, 5789724.117790325544775 ], [ 441905.834641404333524, 5789812.840977887623012 ], [ 441817.176891041162889, 5789812.840977887623012 ], [ 441817.176891041162889, 5790256.456915696151555 ], [ 441728.519140677934047, 5790256.456915696151555 ], [ 441728.519140677934047, 5790611.34966594260186 ], [ 441639.861390314763412, 5790611.34966594260186 ], [ 441639.861390314763412, 5790700.072853504680097 ], [ 441551.203639951534569, 5790700.072853504680097 ], [ 441551.203639951534569, 5790877.51922862790525 ], [ 441462.545889588363934, 5790877.51922862790525 ], [ 441462.545889588363934, 5791054.965603751130402 ], [ 441285.230388861964457, 5791054.965603751130402 ], [ 441285.230388861964457, 5791143.68879131320864 ], [ 441285.230388861964457, 5791232.411978874355555 ], [ 441196.572638498793822, 5791232.411978874355555 ], [ 441196.572638498793822, 5791321.135166436433792 ], [ 441019.257137772394344, 5791321.135166436433792 ], [ 441019.257137772394344, 5791409.858353997580707 ], [ 440930.599387409165502, 5791409.858353997580707 ], [ 440930.599387409165502, 5791498.581541559658945 ], [ 440753.283886682824232, 5791498.581541559658945 ], [ 440753.283886682824232, 5791676.027916682884097 ], [ 440575.968385956424754, 5791676.027916682884097 ], [ 440575.968385956424754, 5791764.751104244962335 ], [ 440398.652885230025277, 5791764.751104244962335 ], [ 440398.652885230025277, 5791853.47429180610925 ], [ 440309.995134866796434, 5791853.47429180610925 ], [ 440309.995134866796434, 5791942.197479368187487 ], [ 440132.679634140455164, 5791942.197479368187487 ], [ 440132.679634140455164, 5792119.64385449141264 ], [ 439955.364133414055686, 5792119.64385449141264 ], [ 439955.364133414055686, 5792208.367042053490877 ], [ 439866.706383050826844, 5792208.367042053490877 ], [ 439866.706383050826844, 5792297.090229614637792 ], [ 439600.733131961256731, 5792297.090229614637792 ], [ 439600.733131961256731, 5792385.81341717671603 ], [ 439423.417631234857254, 5792385.81341717671603 ], [ 439423.417631234857254, 5792563.259792299941182 ], [ 439334.759880871686619, 5792563.259792299941182 ], [ 439334.759880871686619, 5792651.98297986201942 ], [ 439068.786629782058299, 5792651.98297986201942 ], [ 439068.786629782058299, 5792740.706167423166335 ], [ 438980.128879418887664, 5792740.706167423166335 ], [ 438891.471129055717029, 5792740.706167423166335 ], [ 438891.471129055717029, 5792829.429354985244572 ], [ 438802.813378692488186, 5792829.429354985244572 ], [ 438714.155628329317551, 5792829.429354985244572 ], [ 438714.155628329317551, 5793006.875730108469725 ], [ 438448.182377239689231, 5793006.875730108469725 ], [ 438448.182377239689231, 5793095.598917670547962 ], [ 438182.209126150119118, 5793095.598917670547962 ], [ 438182.209126150119118, 5793184.322105231694877 ], [ 438004.893625423719641, 5793184.322105231694877 ], [ 438004.893625423719641, 5793361.76848035492003 ], [ 437738.920374334149528, 5793361.76848035492003 ], [ 437738.920374334149528, 5793450.491667916998267 ], [ 437472.947123244521208, 5793450.491667916998267 ], [ 437472.947123244521208, 5793539.214855479076505 ], [ 437206.973872154951096, 5793539.214855479076505 ], [ 437206.973872154951096, 5793627.93804304022342 ], [ 437029.658371428551618, 5793627.93804304022342 ], [ 436852.34287070215214, 5793627.93804304022342 ], [ 436852.34287070215214, 5793805.384418163448572 ], [ 436586.369619612582028, 5793805.384418163448572 ], [ 436586.369619612582028, 5793894.10760572552681 ], [ 436497.711869249411393, 5793894.10760572552681 ], [ 436320.396368523011915, 5793894.10760572552681 ], [ 436231.738618159783073, 5793894.10760572552681 ], [ 436231.738618159783073, 5793982.830793287605047 ], [ 436143.080867796612438, 5793982.830793287605047 ], [ 435965.76536707021296, 5793982.830793287605047 ], [ 435788.449866343813483, 5793982.830793287605047 ], [ 435788.449866343813483, 5794160.2771684108302 ], [ 435699.792115980642848, 5794160.2771684108302 ], [ 435345.161114527843893, 5794160.2771684108302 ], [ 435345.161114527843893, 5794249.000355971977115 ], [ 435079.18786343827378, 5794249.000355971977115 ], [ 434990.530113075044937, 5794249.000355971977115 ], [ 434813.21461234864546, 5794249.000355971977115 ], [ 434813.21461234864546, 5794337.723543534055352 ], [ 434281.268110169505235, 5794337.723543534055352 ], [ 434281.268110169505235, 5794515.169918657280505 ], [ 434192.610359806276392, 5794515.169918657280505 ], [ 433926.63710871670628, 5794515.169918657280505 ], [ 433660.663857627136167, 5794515.169918657280505 ], [ 433217.375105811166577, 5794515.169918657280505 ], [ 433040.059605084767099, 5794515.169918657280505 ], [ 432774.086353995138779, 5794515.169918657280505 ], [ 432774.086353995138779, 5794603.893106219358742 ], [ 432685.428603631968144, 5794603.893106219358742 ], [ 432330.797602179169189, 5794603.893106219358742 ], [ 432330.797602179169189, 5794692.616293780505657 ], [ 431976.166600726370234, 5794692.616293780505657 ], [ 431976.166600726370234, 5794870.06266890373081 ], [ 431798.851099999970756, 5794870.06266890373081 ], [ 431710.193349636800122, 5794870.06266890373081 ], [ 431621.535599273629487, 5794870.06266890373081 ], [ 431621.535599273629487, 5794958.785856465809047 ], [ 431178.246847457601689, 5794958.785856465809047 ], [ 431178.246847457601689, 5795047.509044027887285 ], [ 429937.038342372863553, 5795047.509044027887285 ], [ 429848.380592009692919, 5795047.509044027887285 ], [ 429848.380592009692919, 5794958.785856465809047 ], [ 429759.722841646464076, 5794958.785856465809047 ], [ 429671.065091283293441, 5794958.785856465809047 ], [ 429582.407340920064598, 5794958.785856465809047 ], [ 429227.776339467323851, 5794958.785856465809047 ], [ 429227.776339467323851, 5794870.06266890373081 ], [ 428784.487587651354261, 5794870.06266890373081 ], [ 428784.487587651354261, 5794781.339481342583895 ], [ 427986.567834382585716, 5794781.339481342583895 ], [ 427809.252333656186238, 5794781.339481342583895 ], [ 427011.332580387417693, 5794781.339481342583895 ], [ 427011.332580387417693, 5794870.06266890373081 ], [ 426656.701578934618738, 5794870.06266890373081 ], [ 426656.701578934618738, 5794781.339481342583895 ], [ 426124.755076755420305, 5794781.339481342583895 ], [ 425947.439576029079035, 5794781.339481342583895 ], [ 425947.439576029079035, 5794692.616293780505657 ], [ 425681.466324939450715, 5794692.616293780505657 ], [ 425592.80857457628008, 5794692.616293780505657 ], [ 425326.835323486709967, 5794692.616293780505657 ], [ 425326.835323486709967, 5794603.893106219358742 ], [ 425060.862072397081647, 5794603.893106219358742 ], [ 425060.862072397081647, 5794515.169918657280505 ], [ 424794.888821307511535, 5794515.169918657280505 ], [ 424794.888821307511535, 5794426.44673109613359 ], [ 424617.573320581112057, 5794426.44673109613359 ], [ 424528.915570217941422, 5794426.44673109613359 ], [ 424528.915570217941422, 5794249.000355971977115 ], [ 424262.942319128313102, 5794249.000355971977115 ], [ 424262.942319128313102, 5794160.2771684108302 ], [ 424174.284568765142467, 5794160.2771684108302 ], [ 424174.284568765142467, 5794071.553980848751962 ], [ 423996.969068038742989, 5794071.553980848751962 ], [ 423996.969068038742989, 5793982.830793287605047 ], [ 423908.311317675572354, 5793982.830793287605047 ], [ 423908.311317675572354, 5793894.10760572552681 ], [ 423819.653567312343512, 5793894.10760572552681 ], [ 423819.653567312343512, 5793716.661230602301657 ], [ 423642.338066585944034, 5793716.661230602301657 ], [ 423642.338066585944034, 5793627.93804304022342 ], [ 423553.680316222773399, 5793627.93804304022342 ], [ 423553.680316222773399, 5793539.214855479076505 ], [ 423465.022565859544557, 5793539.214855479076505 ], [ 423376.364815496373922, 5793539.214855479076505 ], [ 423376.364815496373922, 5793450.491667916998267 ], [ 423287.707065133203287, 5793450.491667916998267 ], [ 423287.707065133203287, 5793273.045292793773115 ], [ 423199.049314769974444, 5793273.045292793773115 ], [ 423199.049314769974444, 5793184.322105231694877 ], [ 423021.733814043574966, 5793184.322105231694877 ], [ 423021.733814043574966, 5793095.598917670547962 ], [ 423021.733814043574966, 5793006.875730108469725 ], [ 422844.418313317175489, 5793006.875730108469725 ], [ 422844.418313317175489, 5792918.152542546391487 ], [ 422755.760562954004854, 5792918.152542546391487 ], [ 422755.760562954004854, 5792829.429354985244572 ], [ 422667.102812590776011, 5792829.429354985244572 ], [ 422667.102812590776011, 5792651.98297986201942 ], [ 422489.787311864434741, 5792651.98297986201942 ], [ 422489.787311864434741, 5792563.259792299941182 ], [ 422401.129561501205899, 5792563.259792299941182 ], [ 422401.129561501205899, 5792474.536604737862945 ], [ 422223.814060774806421, 5792474.536604737862945 ], [ 422223.814060774806421, 5792297.090229614637792 ], [ 422135.156310411635786, 5792297.090229614637792 ], [ 422135.156310411635786, 5792208.367042053490877 ], [ 422046.498560048406944, 5792208.367042053490877 ], [ 421957.840809685236309, 5792208.367042053490877 ], [ 421957.840809685236309, 5792119.64385449141264 ], [ 421869.183059322065674, 5792119.64385449141264 ], [ 421780.525308958836831, 5792119.64385449141264 ], [ 421780.525308958836831, 5792030.920666930265725 ], [ 421691.867558595666196, 5792030.920666930265725 ], [ 421691.867558595666196, 5791942.197479368187487 ], [ 421603.209808232437354, 5791942.197479368187487 ], [ 421514.552057869266719, 5791942.197479368187487 ], [ 421514.552057869266719, 5791764.751104244962335 ], [ 421514.552057869266719, 5791676.027916682884097 ], [ 421337.236557142867241, 5791676.027916682884097 ], [ 421337.236557142867241, 5791587.304729121737182 ], [ 421159.921056416467763, 5791587.304729121737182 ], [ 421159.921056416467763, 5791498.581541559658945 ], [ 421071.263306053297129, 5791498.581541559658945 ], [ 421071.263306053297129, 5791321.135166436433792 ], [ 420893.947805326897651, 5791321.135166436433792 ], [ 420893.947805326897651, 5791232.411978874355555 ], [ 420805.290054963668808, 5791232.411978874355555 ], [ 420805.290054963668808, 5791143.68879131320864 ], [ 420716.632304600498173, 5791143.68879131320864 ], [ 420627.974554237269331, 5791143.68879131320864 ], [ 420627.974554237269331, 5791054.965603751130402 ], [ 420539.316803874098696, 5791054.965603751130402 ], [ 420539.316803874098696, 5790966.242416189052165 ], [ 420362.001303147699218, 5790966.242416189052165 ], [ 420362.001303147699218, 5790788.796041065827012 ], [ 420273.343552784528583, 5790788.796041065827012 ], [ 420273.343552784528583, 5790700.072853504680097 ], [ 419918.712551331729628, 5790700.072853504680097 ], [ 419918.712551331729628, 5790611.34966594260186 ], [ 419652.739300242159516, 5790611.34966594260186 ], [ 419652.739300242159516, 5790522.626478380523622 ], [ 419298.10829878936056, 5790522.626478380523622 ], [ 419298.10829878936056, 5790433.903290819376707 ], [ 419032.135047699790448, 5790433.903290819376707 ], [ 419032.135047699790448, 5790256.456915696151555 ], [ 418677.504046246991493, 5790256.456915696151555 ], [ 418677.504046246991493, 5790167.733728134073317 ], [ 418411.53079515742138, 5790167.733728134073317 ], [ 418411.53079515742138, 5790079.010540572926402 ], [ 418234.215294431021903, 5790079.010540572926402 ], [ 418056.899793704622425, 5790079.010540572926402 ], [ 418056.899793704622425, 5789990.287353010848165 ], [ 417968.242043341393583, 5789990.287353010848165 ], [ 417790.926542614994105, 5789990.287353010848165 ], [ 417790.926542614994105, 5789901.564165448769927 ], [ 417702.26879225182347, 5789901.564165448769927 ], [ 417524.953291525423992, 5789901.564165448769927 ], [ 417347.637790799024515, 5789901.564165448769927 ], [ 415397.167282808746677, 5789901.564165448769927 ], [ 415308.509532445517834, 5789901.564165448769927 ], [ 414776.563030266377609, 5789901.564165448769927 ], [ 414776.563030266377609, 5789812.840977887623012 ], [ 414687.905279903148767, 5789812.840977887623012 ], [ 414599.247529539978132, 5789812.840977887623012 ], [ 414510.589779176749289, 5789812.840977887623012 ], [ 414421.932028813578654, 5789812.840977887623012 ], [ 414421.932028813578654, 5789901.564165448769927 ], [ 414244.616528087179177, 5789901.564165448769927 ], [ 414155.958777723950334, 5789901.564165448769927 ], [ 413712.670025907980744, 5789901.564165448769927 ], [ 413712.670025907980744, 5790079.010540572926402 ], [ 413535.354525181581266, 5790079.010540572926402 ], [ 413358.039024455239996, 5790079.010540572926402 ], [ 413180.723523728840519, 5790079.010540572926402 ], [ 413092.065773365611676, 5790079.010540572926402 ], [ 413092.065773365611676, 5790167.733728134073317 ], [ 413003.408023002441041, 5790167.733728134073317 ], [ 412560.119271186471451, 5790167.733728134073317 ], [ 412471.461520823242608, 5790167.733728134073317 ], [ 412471.461520823242608, 5790256.456915696151555 ], [ 412294.146020096843131, 5790256.456915696151555 ], [ 412205.488269733672496, 5790256.456915696151555 ], [ 412205.488269733672496, 5790433.903290819376707 ], [ 411762.199517917702906, 5790433.903290819376707 ], [ 411762.199517917702906, 5790522.626478380523622 ], [ 411673.541767554474063, 5790522.626478380523622 ], [ 411584.884017191303428, 5790522.626478380523622 ], [ 411496.226266828074586, 5790522.626478380523622 ], [ 411407.568516464903951, 5790522.626478380523622 ], [ 411407.568516464903951, 5790611.34966594260186 ], [ 411318.910766101733316, 5790611.34966594260186 ], [ 411318.910766101733316, 5790788.796041065827012 ], [ 411230.253015738504473, 5790788.796041065827012 ], [ 411230.253015738504473, 5791054.965603751130402 ], [ 411141.595265375333838, 5791054.965603751130402 ], [ 411141.595265375333838, 5791764.751104244962335 ], [ 411052.937515012104996, 5791764.751104244962335 ], [ 411052.937515012104996, 5791942.197479368187487 ], [ 410875.622014285705518, 5791942.197479368187487 ], [ 410875.622014285705518, 5792119.64385449141264 ], [ 410786.964263922534883, 5792119.64385449141264 ], [ 410786.964263922534883, 5792208.367042053490877 ], [ 410698.30651355930604, 5792208.367042053490877 ], [ 410609.648763196135405, 5792208.367042053490877 ], [ 410609.648763196135405, 5792297.090229614637792 ], [ 410520.99101283296477, 5792297.090229614637792 ], [ 410520.99101283296477, 5792385.81341717671603 ], [ 410343.675512106565293, 5792385.81341717671603 ], [ 410343.675512106565293, 5792563.259792299941182 ], [ 410077.702261016936973, 5792563.259792299941182 ], [ 410077.702261016936973, 5792651.98297986201942 ], [ 409989.044510653766338, 5792651.98297986201942 ], [ 409900.386760290595703, 5792651.98297986201942 ], [ 409900.386760290595703, 5792740.706167423166335 ], [ 409811.72900992736686, 5792740.706167423166335 ], [ 409723.071259564196225, 5792740.706167423166335 ], [ 409723.071259564196225, 5792829.429354985244572 ], [ 409723.071259564196225, 5792918.152542546391487 ], [ 409545.755758837796748, 5792918.152542546391487 ], [ 409545.755758837796748, 5793006.875730108469725 ], [ 409368.44025811139727, 5793006.875730108469725 ], [ 409279.782507748226635, 5793006.875730108469725 ], [ 409279.782507748226635, 5793095.598917670547962 ], [ 409013.809256658598315, 5793095.598917670547962 ], [ 409013.809256658598315, 5793184.322105231694877 ], [ 408836.493755932198837, 5793184.322105231694877 ], [ 408836.493755932198837, 5793361.76848035492003 ], [ 408393.205004116229247, 5793361.76848035492003 ], [ 408215.88950338982977, 5793361.76848035492003 ], [ 408215.88950338982977, 5793273.045292793773115 ], [ 408127.231753026659135, 5793273.045292793773115 ], [ 408038.574002663430292, 5793273.045292793773115 ], [ 407683.943001210689545, 5793273.045292793773115 ], [ 407683.943001210689545, 5793095.598917670547962 ], [ 407595.285250847460702, 5793095.598917670547962 ], [ 407506.627500484290067, 5793095.598917670547962 ], [ 407506.627500484290067, 5793006.875730108469725 ], [ 407417.969750121061224, 5793006.875730108469725 ], [ 407063.338748668320477, 5793006.875730108469725 ], [ 407063.338748668320477, 5792918.152542546391487 ], [ 406886.023247941920999, 5792918.152542546391487 ], [ 406708.707747215521522, 5792918.152542546391487 ], [ 406354.076745762722567, 5792918.152542546391487 ], [ 406088.103494673152454, 5792918.152542546391487 ], [ 406088.103494673152454, 5792829.429354985244572 ], [ 405822.130243583524134, 5792829.429354985244572 ], [ 405822.130243583524134, 5792740.706167423166335 ], [ 405733.472493220353499, 5792740.706167423166335 ], [ 405556.156992493954021, 5792740.706167423166335 ], [ 405290.183741404383909, 5792740.706167423166335 ], [ 405290.183741404383909, 5792651.98297986201942 ], [ 405201.525991041155066, 5792651.98297986201942 ], [ 405112.868240677984431, 5792651.98297986201942 ], [ 404935.552739951584954, 5792651.98297986201942 ], [ 404758.237239225185476, 5792651.98297986201942 ], [ 404758.237239225185476, 5792563.259792299941182 ], [ 404669.579488862014841, 5792563.259792299941182 ], [ 404314.948487409215886, 5792563.259792299941182 ], [ 404048.975236319645774, 5792563.259792299941182 ], [ 403517.028734140447341, 5792563.259792299941182 ], [ 403517.028734140447341, 5792651.98297986201942 ], [ 402807.766731234907638, 5792651.98297986201942 ], [ 402807.766731234907638, 5792829.429354985244572 ], [ 402630.451230508508161, 5792829.429354985244572 ], [ 402630.451230508508161, 5792918.152542546391487 ], [ 402541.793480145279318, 5792918.152542546391487 ], [ 402541.793480145279318, 5793006.875730108469725 ], [ 402364.477979418879841, 5793006.875730108469725 ], [ 402364.477979418879841, 5793095.598917670547962 ], [ 402275.820229055709206, 5793095.598917670547962 ], [ 402275.820229055709206, 5793273.045292793773115 ], [ 402098.504728329309728, 5793273.045292793773115 ], [ 402098.504728329309728, 5793361.76848035492003 ], [ 402009.846977966139093, 5793361.76848035492003 ], [ 402009.846977966139093, 5793450.491667916998267 ], [ 401832.531477239739615, 5793450.491667916998267 ], [ 401832.531477239739615, 5793716.661230602301657 ], [ 401743.873726876510773, 5793716.661230602301657 ], [ 401743.873726876510773, 5793894.10760572552681 ], [ 401655.215976513340138, 5793894.10760572552681 ], [ 401655.215976513340138, 5794160.2771684108302 ], [ 401566.558226150111295, 5794160.2771684108302 ], [ 401566.558226150111295, 5794249.000355971977115 ], [ 401566.558226150111295, 5794337.723543534055352 ], [ 401477.90047578694066, 5794337.723543534055352 ], [ 401477.90047578694066, 5794426.44673109613359 ], [ 401389.242725423770025, 5794426.44673109613359 ], [ 401389.242725423770025, 5794692.616293780505657 ], [ 401300.584975060541183, 5794692.616293780505657 ], [ 401300.584975060541183, 5794781.339481342583895 ], [ 401211.927224697370548, 5794781.339481342583895 ], [ 401211.927224697370548, 5794958.785856465809047 ], [ 401123.269474334141705, 5794958.785856465809047 ], [ 401123.269474334141705, 5795224.955419151112437 ], [ 401034.61172397097107, 5795224.955419151112437 ], [ 401034.61172397097107, 5795402.40179427433759 ], [ 400945.953973607742228, 5795402.40179427433759 ], [ 400945.953973607742228, 5795491.124981836415827 ], [ 400857.296223244571593, 5795491.124981836415827 ], [ 400857.296223244571593, 5795668.57135695964098 ], [ 400768.638472881400958, 5795668.57135695964098 ], [ 400768.638472881400958, 5795846.017732082866132 ], [ 400679.980722518172115, 5795846.017732082866132 ], [ 400679.980722518172115, 5796023.464107206091285 ], [ 400591.32297215500148, 5796023.464107206091285 ], [ 400591.32297215500148, 5796112.187294768169522 ], [ 400502.665221791772638, 5796112.187294768169522 ], [ 400502.665221791772638, 5796289.633669891394675 ], [ 400414.007471428602003, 5796289.633669891394675 ], [ 400414.007471428602003, 5796378.356857453472912 ], [ 400325.34972106537316, 5796378.356857453472912 ], [ 400325.34972106537316, 5796467.080045014619827 ], [ 400236.691970702202525, 5796467.080045014619827 ], [ 400236.691970702202525, 5796555.803232576698065 ], [ 400148.034220338973682, 5796555.803232576698065 ], [ 400148.034220338973682, 5796821.972795262001455 ], [ 400059.376469975803047, 5796821.972795262001455 ], [ 400059.376469975803047, 5796910.69598282314837 ], [ 399970.718719612632412, 5796910.69598282314837 ], [ 399970.718719612632412, 5796999.419170385226607 ], [ 399882.06096924940357, 5796999.419170385226607 ], [ 399882.06096924940357, 5797176.86554550845176 ], [ 399793.403218886232935, 5797176.86554550845176 ], [ 399793.403218886232935, 5797265.588733069598675 ], [ 399704.745468523004092, 5797265.588733069598675 ], [ 399704.745468523004092, 5797354.311920631676912 ], [ 399616.087718159833457, 5797354.311920631676912 ], [ 399616.087718159833457, 5797443.03510819375515 ], [ 399616.087718159833457, 5797620.481483316980302 ], [ 399527.429967796604615, 5797620.481483316980302 ], [ 399527.429967796604615, 5797709.204670878127217 ], [ 399438.77221743343398, 5797709.204670878127217 ], [ 399438.77221743343398, 5797797.927858440205455 ], [ 399350.114467070263345, 5797797.927858440205455 ], [ 399350.114467070263345, 5798064.097421125508845 ], [ 399261.456716707034502, 5798064.097421125508845 ], [ 399261.456716707034502, 5798152.82060868665576 ], [ 399172.798966343863867, 5798152.82060868665576 ], [ 399172.798966343863867, 5798241.543796248733997 ], [ 399084.141215980635025, 5798241.543796248733997 ], [ 399084.141215980635025, 5798330.266983810812235 ], [ 399172.798966343863867, 5798330.266983810812235 ], [ 399172.798966343863867, 5798418.99017137195915 ], [ 398995.48346561746439, 5798418.99017137195915 ], [ 398995.48346561746439, 5798507.713358934037387 ], [ 398906.825715254235547, 5798507.713358934037387 ], [ 398906.825715254235547, 5798685.15973405726254 ], [ 398818.167964891064912, 5798685.15973405726254 ], [ 398818.167964891064912, 5798862.606109180487692 ], [ 398729.510214527836069, 5798862.606109180487692 ], [ 398729.510214527836069, 5798951.32929674256593 ], [ 398640.852464164665435, 5798951.32929674256593 ], [ 398640.852464164665435, 5799128.775671865791082 ], [ 398552.1947138014948, 5799128.775671865791082 ], [ 398552.1947138014948, 5799306.222046989016235 ], [ 398463.536963438265957, 5799306.222046989016235 ], [ 398463.536963438265957, 5799394.945234551094472 ], [ 398374.879213075095322, 5799394.945234551094472 ], [ 398374.879213075095322, 5799572.391609674319625 ], [ 398197.563712348695844, 5799572.391609674319625 ], [ 398197.563712348695844, 5799749.837984797544777 ], [ 398108.905961985467002, 5799749.837984797544777 ], [ 398108.905961985467002, 5799927.28435992076993 ], [ 398020.248211622296367, 5799927.28435992076993 ], [ 398020.248211622296367, 5800016.007547482848167 ], [ 397842.932710895896889, 5800016.007547482848167 ], [ 397842.932710895896889, 5800282.177110168151557 ], [ 397754.274960532726254, 5800282.177110168151557 ], [ 397754.274960532726254, 5800370.900297729298472 ], [ 397576.959459806326777, 5800370.900297729298472 ], [ 397576.959459806326777, 5800637.069860414601862 ], [ 397488.301709443097934, 5800637.069860414601862 ], [ 397488.301709443097934, 5800725.7930479766801 ], [ 397310.986208716698457, 5800725.7930479766801 ], [ 397310.986208716698457, 5800991.962610661052167 ], [ 397222.328458353527822, 5800991.962610661052167 ], [ 397222.328458353527822, 5801080.685798223130405 ], [ 397133.670707990357187, 5801080.685798223130405 ], [ 397133.670707990357187, 5801169.408985785208642 ], [ 397045.012957627128344, 5801169.408985785208642 ], [ 397045.012957627128344, 5801258.132173346355557 ], [ 396867.697456900728866, 5801258.132173346355557 ], [ 396867.697456900728866, 5801435.57854846958071 ], [ 396779.039706537558232, 5801435.57854846958071 ], [ 396779.039706537558232, 5801524.301736031658947 ], [ 396601.724205811158754, 5801524.301736031658947 ], [ 396601.724205811158754, 5801613.024923592805862 ], [ 396513.066455447988119, 5801613.024923592805862 ], [ 396513.066455447988119, 5801701.7481111548841 ], [ 396424.408705084759276, 5801701.7481111548841 ], [ 396335.750954721588641, 5801701.7481111548841 ], [ 396335.750954721588641, 5801879.194486278109252 ], [ 396247.093204358359799, 5801879.194486278109252 ], [ 396158.435453995189164, 5801879.194486278109252 ], [ 396158.435453995189164, 5801967.91767384018749 ], [ 396069.777703631960321, 5801967.91767384018749 ], [ 396069.777703631960321, 5802056.640861401334405 ], [ 395981.119953268789686, 5802056.640861401334405 ], [ 395981.119953268789686, 5802234.08723652549088 ], [ 395803.804452542390209, 5802234.08723652549088 ], [ 395803.804452542390209, 5802411.533611648716033 ], [ 395715.146702179219574, 5802411.533611648716033 ], [ 395626.488951815990731, 5802411.533611648716033 ], [ 395626.488951815990731, 5802500.256799209862947 ], [ 395537.831201452820096, 5802500.256799209862947 ], [ 395537.831201452820096, 5802677.703174334019423 ], [ 395537.831201452820096, 5802766.426361895166337 ], [ 395360.515700726420619, 5802766.426361895166337 ], [ 395360.515700726420619, 5802855.149549457244575 ], [ 395271.857950363191776, 5802855.149549457244575 ], [ 395271.857950363191776, 5803121.319112142547965 ], [ 395271.857950363191776, 5803210.04229970369488 ], [ 395271.857950363191776, 5803298.765487265773118 ], [ 395360.515700726420619, 5803298.765487265773118 ], [ 395449.173451089591254, 5803298.765487265773118 ], [ 395449.173451089591254, 5803387.488674826920033 ], [ 395537.831201452820096, 5803387.488674826920033 ], [ 395537.831201452820096, 5803564.935049951076508 ], [ 395626.488951815990731, 5803564.935049951076508 ], [ 395626.488951815990731, 5803653.658237512223423 ], [ 395715.146702179219574, 5803653.658237512223423 ], [ 395715.146702179219574, 5803742.38142507430166 ], [ 395892.462202905560844, 5803742.38142507430166 ], [ 395892.462202905560844, 5803831.104612635448575 ], [ 395892.462202905560844, 5803919.827800197526813 ], [ 396069.777703631960321, 5803919.827800197526813 ], [ 396069.777703631960321, 5804097.274175320751965 ], [ 396247.093204358359799, 5804097.274175320751965 ], [ 396247.093204358359799, 5804185.997362882830203 ], [ 396247.093204358359799, 5804274.720550443977118 ], [ 396424.408705084759276, 5804274.720550443977118 ], [ 396424.408705084759276, 5804363.443738006055355 ], [ 396513.066455447988119, 5804363.443738006055355 ], [ 396513.066455447988119, 5804540.890113129280508 ], [ 396690.381956174329389, 5804540.890113129280508 ], [ 396690.381956174329389, 5804629.613300691358745 ], [ 396779.039706537558232, 5804629.613300691358745 ], [ 396779.039706537558232, 5804718.33648825250566 ], [ 396867.697456900728866, 5804718.33648825250566 ], [ 396867.697456900728866, 5804807.059675814583898 ], [ 397045.012957627128344, 5804807.059675814583898 ], [ 397045.012957627128344, 5804895.782863375730813 ], [ 397133.670707990357187, 5804895.782863375730813 ], [ 397133.670707990357187, 5805073.229238499887288 ], [ 397222.328458353527822, 5805073.229238499887288 ], [ 397222.328458353527822, 5805161.952426061034203 ], [ 397399.643959079927299, 5805161.952426061034203 ], [ 397399.643959079927299, 5805250.67561362311244 ], [ 397488.301709443097934, 5805250.67561362311244 ], [ 397488.301709443097934, 5805339.398801184259355 ], [ 397576.959459806326777, 5805339.398801184259355 ], [ 397576.959459806326777, 5805428.121988746337593 ], [ 397754.274960532726254, 5805428.121988746337593 ], [ 397754.274960532726254, 5805605.568363869562745 ], [ 397842.932710895896889, 5805605.568363869562745 ], [ 397842.932710895896889, 5805694.291551431640983 ], [ 398020.248211622296367, 5805694.291551431640983 ], [ 398020.248211622296367, 5805783.014738992787898 ], [ 398108.905961985467002, 5805783.014738992787898 ], [ 398108.905961985467002, 5805871.737926554866135 ], [ 398108.905961985467002, 5806049.184301678091288 ], [ 398286.221462711866479, 5806049.184301678091288 ], [ 398286.221462711866479, 5806137.907489240169525 ], [ 398374.879213075095322, 5806137.907489240169525 ], [ 398374.879213075095322, 5806226.63067680131644 ], [ 398463.536963438265957, 5806226.63067680131644 ], [ 398463.536963438265957, 5806315.353864363394678 ], [ 398552.1947138014948, 5806315.353864363394678 ], [ 398552.1947138014948, 5806404.077051924541593 ], [ 398640.852464164665435, 5806404.077051924541593 ], [ 398640.852464164665435, 5806581.523427048698068 ], [ 398729.510214527836069, 5806581.523427048698068 ], [ 398729.510214527836069, 5806670.246614609844983 ], [ 398818.167964891064912, 5806670.246614609844983 ], [ 398818.167964891064912, 5806758.96980217192322 ], [ 398906.825715254235547, 5806758.96980217192322 ], [ 398906.825715254235547, 5806847.692989733070135 ], [ 398995.48346561746439, 5806847.692989733070135 ], [ 398995.48346561746439, 5807025.13936485722661 ], [ 399084.141215980635025, 5807025.13936485722661 ], [ 399084.141215980635025, 5807113.862552418373525 ], [ 399172.798966343863867, 5807113.862552418373525 ], [ 399172.798966343863867, 5807202.585739980451763 ], [ 399350.114467070263345, 5807202.585739980451763 ], [ 399350.114467070263345, 5807291.308927541598678 ], [ 399350.114467070263345, 5807468.755302665755153 ], [ 399438.77221743343398, 5807468.755302665755153 ], [ 399438.77221743343398, 5807557.478490226902068 ], [ 399527.429967796604615, 5807557.478490226902068 ], [ 399616.087718159833457, 5807557.478490226902068 ], [ 399616.087718159833457, 5807646.201677788980305 ], [ 399616.087718159833457, 5807734.92486535012722 ], [ 399793.403218886232935, 5807734.92486535012722 ], [ 399793.403218886232935, 5807823.648052912205458 ], [ 399970.718719612632412, 5807823.648052912205458 ], [ 399970.718719612632412, 5808001.09442803543061 ], [ 400059.376469975803047, 5808001.09442803543061 ], [ 400059.376469975803047, 5808089.817615597508848 ], [ 400236.691970702202525, 5808089.817615597508848 ], [ 400236.691970702202525, 5808178.540803158655763 ], [ 400236.691970702202525, 5808267.263990720734 ], [ 400414.007471428602003, 5808267.263990720734 ], [ 400414.007471428602003, 5808355.987178282812238 ], [ 400591.32297215500148, 5808355.987178282812238 ], [ 400591.32297215500148, 5808533.43355340603739 ], [ 400679.980722518172115, 5808533.43355340603739 ], [ 400679.980722518172115, 5808622.156740967184305 ], [ 400857.296223244571593, 5808622.156740967184305 ], [ 400857.296223244571593, 5808799.603116090409458 ], [ 401034.61172397097107, 5808799.603116090409458 ], [ 401034.61172397097107, 5808977.049491214565933 ], [ 401211.927224697370548, 5808977.049491214565933 ], [ 401211.927224697370548, 5809065.772678775712848 ], [ 401300.584975060541183, 5809065.772678775712848 ], [ 401300.584975060541183, 5809154.495866337791085 ], [ 401477.90047578694066, 5809154.495866337791085 ], [ 401477.90047578694066, 5809331.942241461016238 ], [ 401655.215976513340138, 5809331.942241461016238 ], [ 401655.215976513340138, 5809509.38861658424139 ], [ 401743.873726876510773, 5809509.38861658424139 ], [ 401743.873726876510773, 5809598.111804146319628 ], [ 401832.531477239739615, 5809598.111804146319628 ], [ 401832.531477239739615, 5809686.834991707466543 ], [ 401921.18922760291025, 5809686.834991707466543 ], [ 401921.18922760291025, 5809953.004554392769933 ], [ 402009.846977966139093, 5809953.004554392769933 ], [ 402009.846977966139093, 5810041.72774195484817 ], [ 402098.504728329309728, 5810041.72774195484817 ], [ 402098.504728329309728, 5810307.89730464015156 ], [ 402187.162478692538571, 5810307.89730464015156 ], [ 402187.162478692538571, 5810574.066867324523628 ], [ 402275.820229055709206, 5810574.066867324523628 ], [ 402275.820229055709206, 5810751.513242448680103 ], [ 402364.477979418879841, 5810751.513242448680103 ], [ 402364.477979418879841, 5810928.959617571905255 ], [ 402453.135729782108683, 5810928.959617571905255 ], [ 402453.135729782108683, 5811017.68280513305217 ], [ 402453.135729782108683, 5811195.129180256277323 ], [ 402541.793480145279318, 5811195.129180256277323 ], [ 402541.793480145279318, 5811372.575555380433798 ], [ 402541.793480145279318, 5811461.298742941580713 ], [ 402630.451230508508161, 5811461.298742941580713 ], [ 402630.451230508508161, 5811550.02193050365895 ], [ 402719.108980871678796, 5811550.02193050365895 ], [ 402719.108980871678796, 5811816.19149318896234 ], [ 402807.766731234907638, 5811816.19149318896234 ], [ 402807.766731234907638, 5811904.914680750109255 ], [ 402807.766731234907638, 5811993.637868312187493 ], [ 402807.766731234907638, 5812082.361055873334408 ], [ 402896.424481598078273, 5812082.361055873334408 ], [ 402896.424481598078273, 5812171.084243435412645 ], [ 402985.082231961248908, 5812171.084243435412645 ], [ 402985.082231961248908, 5812348.530618558637798 ], [ 403073.739982324477751, 5812348.530618558637798 ], [ 403073.739982324477751, 5812437.253806120716035 ], [ 403162.397732687648386, 5812437.253806120716035 ], [ 403162.397732687648386, 5812614.700181243941188 ], [ 403251.055483050877228, 5812614.700181243941188 ], [ 403251.055483050877228, 5812792.14655636716634 ], [ 403339.713233414047863, 5812792.14655636716634 ], [ 403339.713233414047863, 5812880.869743929244578 ], [ 403428.370983777276706, 5812880.869743929244578 ], [ 403428.370983777276706, 5812969.592931490391493 ], [ 403517.028734140447341, 5812969.592931490391493 ], [ 403517.028734140447341, 5813235.762494175694883 ], [ 403694.344234866846818, 5813235.762494175694883 ], [ 403694.344234866846818, 5813324.48568173777312 ], [ 403783.001985230017453, 5813324.48568173777312 ], [ 403783.001985230017453, 5813501.932056860998273 ], [ 403871.659735593246296, 5813501.932056860998273 ], [ 403871.659735593246296, 5813590.655244422145188 ], [ 404048.975236319645774, 5813590.655244422145188 ], [ 404048.975236319645774, 5813768.101619546301663 ], [ 404137.632986682816409, 5813768.101619546301663 ], [ 404137.632986682816409, 5813856.824807107448578 ], [ 404137.632986682816409, 5813945.547994669526815 ], [ 404226.290737046045251, 5813945.547994669526815 ], [ 404226.290737046045251, 5814034.27118223067373 ], [ 404403.606237772386521, 5814034.27118223067373 ], [ 404403.606237772386521, 5814300.44074491597712 ], [ 404492.263988135615364, 5814300.44074491597712 ], [ 404492.263988135615364, 5814389.163932478055358 ], [ 404580.921738498785999, 5814389.163932478055358 ], [ 404580.921738498785999, 5814477.887120039202273 ], [ 404758.237239225185476, 5814477.887120039202273 ], [ 404758.237239225185476, 5814744.056682724505663 ], [ 404846.894989588414319, 5814744.056682724505663 ], [ 404846.894989588414319, 5814832.7798702865839 ], [ 404935.552739951584954, 5814832.7798702865839 ], [ 404935.552739951584954, 5815453.842183218337595 ], [ 405024.210490314755589, 5815453.842183218337595 ], [ 405024.210490314755589, 5815720.011745903640985 ], [ 405112.868240677984431, 5815720.011745903640985 ], [ 405112.868240677984431, 5815897.458121026866138 ], [ 405201.525991041155066, 5815897.458121026866138 ], [ 405201.525991041155066, 5816074.90449615009129 ], [ 405290.183741404383909, 5816074.90449615009129 ], [ 405290.183741404383909, 5816252.350871273316443 ], [ 405378.841491767554544, 5816252.350871273316443 ], [ 405378.841491767554544, 5816341.074058835394681 ], [ 405467.499242130783387, 5816341.074058835394681 ], [ 405467.499242130783387, 5816784.689996643923223 ], [ 405556.156992493954021, 5816784.689996643923223 ], [ 405556.156992493954021, 5817050.859559329226613 ], [ 405644.814742857182864, 5817050.859559329226613 ], [ 405644.814742857182864, 5817228.305934452451766 ], [ 405733.472493220353499, 5817228.305934452451766 ], [ 405733.472493220353499, 5817494.475497137755156 ], [ 405822.130243583524134, 5817494.475497137755156 ], [ 405822.130243583524134, 5817760.645059822127223 ], [ 405822.130243583524134, 5818204.260997630655766 ], [ 405910.787993946752977, 5818204.260997630655766 ], [ 405910.787993946752977, 5818736.600123001262546 ], [ 405822.130243583524134, 5818736.600123001262546 ], [ 405822.130243583524134, 5819002.769685686565936 ], [ 405910.787993946752977, 5819002.769685686565936 ], [ 405910.787993946752977, 5819180.216060809791088 ], [ 405910.787993946752977, 5819446.385623495094478 ], [ 405999.445744309923612, 5819446.385623495094478 ], [ 405999.445744309923612, 5819535.108811056241393 ], [ 406088.103494673152454, 5819535.108811056241393 ], [ 406088.103494673152454, 5819623.831998618319631 ], [ 406176.761245036323089, 5819623.831998618319631 ], [ 406176.761245036323089, 5819801.278373741544783 ], [ 406265.418995399551932, 5819801.278373741544783 ], [ 406265.418995399551932, 5819978.724748864769936 ], [ 406354.076745762722567, 5819978.724748864769936 ], [ 406354.076745762722567, 5820067.447936426848173 ], [ 406442.734496125951409, 5820067.447936426848173 ], [ 406442.734496125951409, 5820244.894311550073326 ], [ 406531.392246489122044, 5820244.894311550073326 ], [ 406531.392246489122044, 5820333.617499111220241 ], [ 406620.049996852292679, 5820333.617499111220241 ], [ 406620.049996852292679, 5820599.787061796523631 ], [ 406708.707747215521522, 5820599.787061796523631 ], [ 406708.707747215521522, 5820777.233436919748783 ], [ 406797.365497578692157, 5820777.233436919748783 ], [ 406797.365497578692157, 5820865.956624481827021 ], [ 406886.023247941920999, 5820865.956624481827021 ], [ 406886.023247941920999, 5820954.679812043905258 ], [ 406974.680998305091634, 5820954.679812043905258 ], [ 406974.680998305091634, 5821043.402999605052173 ], [ 407063.338748668320477, 5821043.402999605052173 ], [ 407063.338748668320477, 5821220.849374728277326 ], [ 407151.996499031491112, 5821220.849374728277326 ], [ 407151.996499031491112, 5821309.572562290355563 ], [ 407240.654249394661747, 5821309.572562290355563 ], [ 407240.654249394661747, 5821398.295749852433801 ], [ 407506.627500484290067, 5821398.295749852433801 ], [ 407506.627500484290067, 5821487.018937413580716 ], [ 407683.943001210689545, 5821487.018937413580716 ], [ 407683.943001210689545, 5821575.742124975658953 ], [ 407861.258501937030815, 5821575.742124975658953 ], [ 407861.258501937030815, 5821841.911687660962343 ], [ 407949.916252300259657, 5821841.911687660962343 ], [ 407949.916252300259657, 5821930.634875222109258 ], [ 408038.574002663430292, 5821930.634875222109258 ], [ 408038.574002663430292, 5822019.358062784187496 ], [ 408127.231753026659135, 5822019.358062784187496 ], [ 408127.231753026659135, 5822196.804437907412648 ], [ 408127.231753026659135, 5822285.527625469490886 ], [ 408127.231753026659135, 5822374.250813030637801 ], [ 408215.88950338982977, 5822374.250813030637801 ], [ 408215.88950338982977, 5822462.974000592716038 ], [ 408304.547253753058612, 5822462.974000592716038 ], [ 408304.547253753058612, 5822729.143563277088106 ], [ 408393.205004116229247, 5822729.143563277088106 ], [ 408393.205004116229247, 5822906.589938401244581 ], [ 408481.86275447945809, 5822906.589938401244581 ], [ 408481.86275447945809, 5823350.205876209773123 ], [ 408570.520504842628725, 5823350.205876209773123 ], [ 408570.520504842628725, 5823616.375438894145191 ], [ 408659.17825520579936, 5823616.375438894145191 ], [ 408659.17825520579936, 5823882.545001579448581 ], [ 408747.836005569028202, 5823882.545001579448581 ], [ 408747.836005569028202, 5824237.437751826830208 ], [ 408836.493755932198837, 5824237.437751826830208 ], [ 408836.493755932198837, 5824592.330502073280513 ], [ 408925.15150629542768, 5824592.330502073280513 ], [ 408925.15150629542768, 5825035.946439881809056 ], [ 409013.809256658598315, 5825035.946439881809056 ], [ 409013.809256658598315, 5825213.392815005034208 ], [ 409102.467007021827158, 5825213.392815005034208 ], [ 409102.467007021827158, 5825479.562377690337598 ], [ 409191.124757384997793, 5825479.562377690337598 ], [ 409191.124757384997793, 5825657.008752813562751 ], [ 409279.782507748226635, 5825657.008752813562751 ], [ 409279.782507748226635, 5826100.624690622091293 ], [ 409368.44025811139727, 5826100.624690622091293 ], [ 409368.44025811139727, 5826455.517440868541598 ], [ 409457.098008474567905, 5826455.517440868541598 ], [ 409457.098008474567905, 5826544.240628430619836 ], [ 409545.755758837796748, 5826544.240628430619836 ], [ 409545.755758837796748, 5826632.963815992698073 ], [ 409634.413509200967383, 5826632.963815992698073 ], [ 409634.413509200967383, 5826721.687003553844988 ], [ 409723.071259564196225, 5826721.687003553844988 ], [ 409723.071259564196225, 5826987.856566239148378 ], [ 409811.72900992736686, 5826987.856566239148378 ], [ 409811.72900992736686, 5827076.579753800295293 ], [ 409900.386760290595703, 5827076.579753800295293 ], [ 409900.386760290595703, 5827431.472504047676921 ], [ 409989.044510653766338, 5827431.472504047676921 ], [ 409989.044510653766338, 5827608.918879170902073 ], [ 410077.702261016936973, 5827608.918879170902073 ], [ 410077.702261016936973, 5827875.088441856205463 ], [ 410166.360011380165815, 5827875.088441856205463 ], [ 410166.360011380165815, 5827963.811629417352378 ], [ 410255.01776174333645, 5827963.811629417352378 ], [ 410255.01776174333645, 5828407.427567225880921 ], [ 410343.675512106565293, 5828407.427567225880921 ], [ 410343.675512106565293, 5828762.320317473262548 ], [ 410432.333262469735928, 5828762.320317473262548 ], [ 410432.333262469735928, 5828939.766692596487701 ], [ 410432.333262469735928, 5829205.936255281791091 ], [ 410520.99101283296477, 5829205.936255281791091 ], [ 410520.99101283296477, 5829383.382630405016243 ], [ 410609.648763196135405, 5829383.382630405016243 ], [ 410609.648763196135405, 5829738.275380651466548 ], [ 410698.30651355930604, 5829738.275380651466548 ], [ 410698.30651355930604, 5829826.998568213544786 ], [ 410698.30651355930604, 5830093.168130898848176 ], [ 410698.30651355930604, 5830181.891318459995091 ], [ 410698.30651355930604, 5830714.230443830601871 ], [ 410786.964263922534883, 5830714.230443830601871 ], [ 410786.964263922534883, 5830802.953631391748786 ], [ 410786.964263922534883, 5831069.123194077052176 ], [ 410786.964263922534883, 5831157.846381639130414 ], [ 410786.964263922534883, 5831512.739131885580719 ], [ 410786.964263922534883, 5831778.908694570884109 ], [ 410786.964263922534883, 5831867.631882132031024 ], [ 410875.622014285705518, 5831867.631882132031024 ], [ 410875.622014285705518, 5832045.078257256187499 ], [ 410875.622014285705518, 5832133.801444817334414 ], [ 410875.622014285705518, 5833021.033320434391499 ], [ 410964.279764648934361, 5833021.033320434391499 ], [ 410964.279764648934361, 5833287.202883119694889 ], [ 410964.279764648934361, 5833375.926070681773126 ], [ 410964.279764648934361, 5833464.649258242920041 ], [ 411052.937515012104996, 5833464.649258242920041 ], [ 411052.937515012104996, 5833553.372445804998279 ], [ 411230.253015738504473, 5833553.372445804998279 ], [ 411230.253015738504473, 5833642.095633366145194 ], [ 411318.910766101733316, 5833642.095633366145194 ], [ 411318.910766101733316, 5833819.542008489370346 ], [ 411407.568516464903951, 5833819.542008489370346 ], [ 411407.568516464903951, 5833908.265196051448584 ], [ 411584.884017191303428, 5833908.265196051448584 ], [ 411584.884017191303428, 5833996.988383613526821 ], [ 411762.199517917702906, 5833996.988383613526821 ], [ 411762.199517917702906, 5834085.711571174673736 ], [ 411850.857268280873541, 5834085.711571174673736 ], [ 411850.857268280873541, 5834263.157946297898889 ], [ 412116.830519370501861, 5834263.157946297898889 ], [ 412116.830519370501861, 5834351.881133859977126 ], [ 412294.146020096843131, 5834351.881133859977126 ], [ 412294.146020096843131, 5834440.604321422055364 ], [ 412382.803770460071974, 5834440.604321422055364 ], [ 412382.803770460071974, 5834529.327508983202279 ], [ 412648.777021549642086, 5834529.327508983202279 ], [ 412648.777021549642086, 5834618.050696545280516 ], [ 412826.092522276041564, 5834618.050696545280516 ], [ 412826.092522276041564, 5834795.497071668505669 ], [ 413092.065773365611676, 5834795.497071668505669 ], [ 413092.065773365611676, 5834884.220259230583906 ], [ 413535.354525181581266, 5834884.220259230583906 ], [ 413535.354525181581266, 5834972.943446791730821 ], [ 414067.301027360779699, 5834972.943446791730821 ], [ 414067.301027360779699, 5835061.666634353809059 ], [ 414421.932028813578654, 5835061.666634353809059 ], [ 414421.932028813578654, 5835150.389821914955974 ], [ 414599.247529539978132, 5835150.389821914955974 ], [ 414599.247529539978132, 5835239.113009477034211 ], [ 414865.220780629548244, 5835239.113009477034211 ], [ 414865.220780629548244, 5835416.559384600259364 ], [ 415219.851782082347199, 5835416.559384600259364 ], [ 415219.851782082347199, 5835505.282572162337601 ], [ 415485.825033171917312, 5835505.282572162337601 ], [ 415485.825033171917312, 5835594.005759723484516 ], [ 415929.113784987886902, 5835594.005759723484516 ], [ 415929.113784987886902, 5835682.728947285562754 ], [ 416372.402536803856492, 5835682.728947285562754 ], [ 416372.402536803856492, 5835771.452134847640991 ], [ 416727.033538256655447, 5835771.452134847640991 ], [ 416727.033538256655447, 5835948.898509970866144 ], [ 416904.349038983054925, 5835948.898509970866144 ], [ 416904.349038983054925, 5835860.175322408787906 ], [ 417081.664539709454402, 5835860.175322408787906 ], [ 417081.664539709454402, 5836037.621697532013059 ], [ 417258.98004043585388, 5836037.621697532013059 ], [ 417436.295541162253357, 5836037.621697532013059 ], [ 417436.295541162253357, 5836126.344885094091296 ], [ 417524.953291525423992, 5836126.344885094091296 ], [ 417702.26879225182347, 5836126.344885094091296 ], [ 417702.26879225182347, 5836215.068072655238211 ], [ 417879.584292978222948, 5836215.068072655238211 ], [ 417968.242043341393583, 5836215.068072655238211 ], [ 417968.242043341393583, 5836303.791260217316449 ], [ 418056.899793704622425, 5836303.791260217316449 ], [ 418234.215294431021903, 5836303.791260217316449 ], [ 418234.215294431021903, 5836392.514447779394686 ], [ 418322.873044794192538, 5836392.514447779394686 ], [ 418411.53079515742138, 5836392.514447779394686 ], [ 418411.53079515742138, 5836569.960822902619839 ], [ 418500.188545520592015, 5836569.960822902619839 ], [ 418588.84629588376265, 5836569.960822902619839 ], [ 418677.504046246991493, 5836569.960822902619839 ], [ 418677.504046246991493, 5836658.684010463766754 ], [ 418854.81954697339097, 5836658.684010463766754 ], [ 418854.81954697339097, 5836747.407198025844991 ], [ 418943.477297336561605, 5836747.407198025844991 ], [ 419120.792798062961083, 5836747.407198025844991 ], [ 419120.792798062961083, 5836836.130385587923229 ], [ 419209.450548426131718, 5836836.130385587923229 ], [ 419298.10829878936056, 5836836.130385587923229 ], [ 419298.10829878936056, 5837013.576760711148381 ], [ 419386.766049152531195, 5837013.576760711148381 ], [ 419386.766049152531195, 5836924.853573149070144 ], [ 419475.423799515760038, 5836924.853573149070144 ], [ 419475.423799515760038, 5837102.299948272295296 ], [ 419741.397050605330151, 5837102.299948272295296 ], [ 419741.397050605330151, 5837191.023135834373534 ], [ 420007.370301694900263, 5837191.023135834373534 ], [ 420007.370301694900263, 5837279.746323396451771 ], [ 420273.343552784528583, 5837279.746323396451771 ], [ 420273.343552784528583, 5837368.469510957598686 ], [ 420450.659053510928061, 5837368.469510957598686 ], [ 420450.659053510928061, 5837545.915886080823839 ], [ 420627.974554237269331, 5837545.915886080823839 ], [ 420627.974554237269331, 5837634.639073642902076 ], [ 420893.947805326897651, 5837634.639073642902076 ], [ 420893.947805326897651, 5837723.362261204980314 ], [ 420982.605555690068286, 5837723.362261204980314 ], [ 421071.263306053297129, 5837723.362261204980314 ], [ 421159.921056416467763, 5837723.362261204980314 ], [ 421159.921056416467763, 5837812.085448766127229 ], [ 421248.578806779696606, 5837812.085448766127229 ], [ 421425.894307506037876, 5837812.085448766127229 ], [ 421425.894307506037876, 5837900.808636328205466 ], [ 421514.552057869266719, 5837900.808636328205466 ], [ 421603.209808232437354, 5837900.808636328205466 ], [ 421603.209808232437354, 5838078.255011451430619 ], [ 421691.867558595666196, 5838078.255011451430619 ], [ 421780.525308958836831, 5838078.255011451430619 ], [ 421869.183059322065674, 5838078.255011451430619 ], [ 421869.183059322065674, 5838166.978199013508856 ], [ 422046.498560048406944, 5838166.978199013508856 ], [ 422046.498560048406944, 5838255.701386574655771 ], [ 422223.814060774806421, 5838255.701386574655771 ], [ 422312.471811138035264, 5838255.701386574655771 ], [ 422312.471811138035264, 5838344.424574136734009 ], [ 422489.787311864434741, 5838344.424574136734009 ], [ 422578.445062227605376, 5838344.424574136734009 ], [ 422578.445062227605376, 5838433.147761697880924 ], [ 422755.760562954004854, 5838433.147761697880924 ], [ 422755.760562954004854, 5838610.594136821106076 ], [ 422933.076063680404332, 5838610.594136821106076 ], [ 422933.076063680404332, 5838699.317324383184314 ], [ 423021.733814043574966, 5838699.317324383184314 ], [ 423199.049314769974444, 5838699.317324383184314 ], [ 423199.049314769974444, 5838788.040511945262551 ], [ 423287.707065133203287, 5838788.040511945262551 ], [ 423465.022565859544557, 5838788.040511945262551 ], [ 423465.022565859544557, 5838876.763699506409466 ], [ 423553.680316222773399, 5838876.763699506409466 ], [ 423730.995816949172877, 5838876.763699506409466 ], [ 423730.995816949172877, 5838965.486887068487704 ], [ 423908.311317675572354, 5838965.486887068487704 ], [ 423996.969068038742989, 5838965.486887068487704 ], [ 423996.969068038742989, 5839142.933262191712856 ], [ 424085.626818401913624, 5839142.933262191712856 ], [ 424262.942319128313102, 5839142.933262191712856 ], [ 424262.942319128313102, 5839231.656449753791094 ], [ 424528.915570217941422, 5839231.656449753791094 ], [ 424528.915570217941422, 5839320.379637314938009 ], [ 424794.888821307511535, 5839320.379637314938009 ], [ 424794.888821307511535, 5839409.102824877016246 ], [ 425060.862072397081647, 5839409.102824877016246 ], [ 425060.862072397081647, 5839497.826012438163161 ], [ 425326.835323486709967, 5839497.826012438163161 ], [ 425326.835323486709967, 5839586.549200000241399 ], [ 425504.150824213051237, 5839586.549200000241399 ], [ 425592.80857457628008, 5839586.549200000241399 ], [ 425592.80857457628008, 5839497.826012438163161 ], [ 425681.466324939450715, 5839497.826012438163161 ], [ 426656.701578934618738, 5839497.826012438163161 ], [ 426656.701578934618738, 5839409.102824877016246 ], [ 427099.990330750588328, 5839409.102824877016246 ], [ 427099.990330750588328, 5839231.656449753791094 ], [ 427188.64808111381717, 5839231.656449753791094 ], [ 427454.621332203387283, 5839231.656449753791094 ], [ 427454.621332203387283, 5839142.933262191712856 ], [ 427897.910084019356873, 5839142.933262191712856 ], [ 427897.910084019356873, 5839054.210074629634619 ], [ 428163.883335108985193, 5839054.210074629634619 ], [ 428163.883335108985193, 5838965.486887068487704 ], [ 428429.856586198555306, 5838965.486887068487704 ], [ 428429.856586198555306, 5838788.040511945262551 ], [ 428607.172086924954783, 5838788.040511945262551 ], [ 428607.172086924954783, 5838699.317324383184314 ], [ 428695.829837288125418, 5838699.317324383184314 ], [ 428695.829837288125418, 5838610.594136821106076 ], [ 428784.487587651354261, 5838610.594136821106076 ], [ 428784.487587651354261, 5838433.147761697880924 ], [ 428961.803088377695531, 5838433.147761697880924 ], [ 428961.803088377695531, 5838344.424574136734009 ], [ 429050.460838740924373, 5838344.424574136734009 ], [ 429050.460838740924373, 5838255.701386574655771 ], [ 429139.118589104095008, 5838255.701386574655771 ], [ 429139.118589104095008, 5838166.978199013508856 ], [ 429227.776339467323851, 5838166.978199013508856 ], [ 429227.776339467323851, 5837989.531823889352381 ], [ 429316.434089830494486, 5837989.531823889352381 ], [ 429316.434089830494486, 5837900.808636328205466 ], [ 429493.749590556893963, 5837900.808636328205466 ], [ 429493.749590556893963, 5837723.362261204980314 ], [ 429582.407340920064598, 5837723.362261204980314 ], [ 429582.407340920064598, 5837457.192698519676924 ], [ 429671.065091283293441, 5837457.192698519676924 ], [ 429671.065091283293441, 5837102.299948272295296 ], [ 429759.722841646464076, 5837102.299948272295296 ], [ 429759.722841646464076, 5837013.576760711148381 ], [ 429848.380592009692919, 5837013.576760711148381 ], [ 429848.380592009692919, 5836924.853573149070144 ], [ 429937.038342372863553, 5836924.853573149070144 ], [ 429937.038342372863553, 5836658.684010463766754 ], [ 430025.696092736092396, 5836658.684010463766754 ], [ 430025.696092736092396, 5836569.960822902619839 ], [ 430114.353843099263031, 5836569.960822902619839 ], [ 430114.353843099263031, 5834795.497071668505669 ], [ 430114.353843099263031, 5834440.604321422055364 ], [ 430114.353843099263031, 5834174.434758736751974 ], [ 430203.011593462491874, 5834174.434758736751974 ], [ 430203.011593462491874, 5833996.988383613526821 ], [ 430203.011593462491874, 5833819.542008489370346 ], [ 430291.669343825662509, 5833819.542008489370346 ], [ 430291.669343825662509, 5833464.649258242920041 ], [ 430380.327094188891351, 5833464.649258242920041 ], [ 430380.327094188891351, 5833375.926070681773126 ], [ 430468.984844552061986, 5833375.926070681773126 ], [ 430468.984844552061986, 5833287.202883119694889 ], [ 430557.642594915232621, 5833287.202883119694889 ], [ 430557.642594915232621, 5833109.756507996469736 ], [ 430646.300345278461464, 5833109.756507996469736 ], [ 430646.300345278461464, 5833021.033320434391499 ], [ 430734.958095641632099, 5833021.033320434391499 ], [ 430734.958095641632099, 5832932.310132873244584 ], [ 430823.615846004860941, 5832932.310132873244584 ], [ 430823.615846004860941, 5832843.586945311166346 ], [ 430823.615846004860941, 5832666.140570187941194 ], [ 430912.273596368031576, 5832666.140570187941194 ], [ 430912.273596368031576, 5832577.417382625862956 ], [ 431000.931346731260419, 5832577.417382625862956 ], [ 431000.931346731260419, 5832488.694195064716041 ], [ 431089.589097094431054, 5832488.694195064716041 ], [ 431089.589097094431054, 5832222.524632379412651 ], [ 431178.246847457601689, 5832222.524632379412651 ], [ 431178.246847457601689, 5832133.801444817334414 ], [ 431266.904597820830531, 5832133.801444817334414 ], [ 431266.904597820830531, 5832045.078257256187499 ], [ 431266.904597820830531, 5831956.355069694109261 ], [ 431355.562348184001166, 5831956.355069694109261 ], [ 431355.562348184001166, 5831601.462319447658956 ], [ 431355.562348184001166, 5831335.292756762355566 ], [ 431355.562348184001166, 5831246.569569200277328 ], [ 431444.220098547230009, 5831246.569569200277328 ], [ 431444.220098547230009, 5830891.676818953827024 ], [ 431532.877848910400644, 5830891.676818953827024 ], [ 431532.877848910400644, 5830359.337693583220243 ], [ 431621.535599273629487, 5830359.337693583220243 ], [ 431621.535599273629487, 5830181.891318459995091 ], [ 431621.535599273629487, 5830004.444943336769938 ], [ 431710.193349636800122, 5830004.444943336769938 ], [ 431710.193349636800122, 5829826.998568213544786 ], [ 431798.851099999970756, 5829826.998568213544786 ], [ 431798.851099999970756, 5829649.552193090319633 ], [ 431710.193349636800122, 5829649.552193090319633 ], [ 431710.193349636800122, 5829560.829005528241396 ], [ 431798.851099999970756, 5829560.829005528241396 ], [ 431798.851099999970756, 5829472.105817966163158 ], [ 432064.824351089599077, 5829472.105817966163158 ], [ 432064.824351089599077, 5829383.382630405016243 ], [ 432242.139851815998554, 5829383.382630405016243 ], [ 432330.797602179169189, 5829383.382630405016243 ], [ 432596.770853268739302, 5829383.382630405016243 ], [ 432596.770853268739302, 5829294.659442842938006 ], [ 433128.717355447937734, 5829294.659442842938006 ], [ 433128.717355447937734, 5829117.213067719712853 ], [ 433483.34835690073669, 5829117.213067719712853 ], [ 433483.34835690073669, 5829028.489880158565938 ], [ 433660.663857627136167, 5829028.489880158565938 ], [ 433660.663857627136167, 5828939.766692596487701 ], [ 433926.63710871670628, 5828939.766692596487701 ], [ 433926.63710871670628, 5828762.320317473262548 ], [ 434192.610359806276392, 5828762.320317473262548 ], [ 434192.610359806276392, 5828673.597129911184311 ], [ 434369.92586053267587, 5828673.597129911184311 ], [ 434369.92586053267587, 5828584.873942350037396 ], [ 434547.241361259075347, 5828584.873942350037396 ], [ 434547.241361259075347, 5828496.150754787959158 ], [ 434724.556861985474825, 5828496.150754787959158 ], [ 434724.556861985474825, 5828318.704379664734006 ], [ 434813.21461234864546, 5828318.704379664734006 ], [ 434813.21461234864546, 5828229.981192102655768 ], [ 434990.530113075044937, 5828229.981192102655768 ], [ 434990.530113075044937, 5828141.258004541508853 ], [ 435079.18786343827378, 5828141.258004541508853 ], [ 435079.18786343827378, 5828052.534816979430616 ], [ 435167.845613801444415, 5828052.534816979430616 ], [ 435167.845613801444415, 5827875.088441856205463 ], [ 435256.50336416461505, 5827875.088441856205463 ], [ 435256.50336416461505, 5827786.365254294127226 ], [ 435345.161114527843893, 5827786.365254294127226 ], [ 435345.161114527843893, 5827697.642066732980311 ], [ 435433.818864891014528, 5827697.642066732980311 ], [ 435433.818864891014528, 5827608.918879170902073 ], [ 435522.47661525424337, 5827608.918879170902073 ], [ 435522.47661525424337, 5827342.749316485598683 ], [ 435611.134365617414005, 5827342.749316485598683 ], [ 435611.134365617414005, 5827254.026128924451768 ], [ 435699.792115980642848, 5827254.026128924451768 ], [ 435699.792115980642848, 5827165.302941362373531 ], [ 435788.449866343813483, 5827165.302941362373531 ], [ 435788.449866343813483, 5826987.856566239148378 ], [ 435788.449866343813483, 5826899.133378677070141 ], [ 435877.107616707042325, 5826899.133378677070141 ], [ 435877.107616707042325, 5826810.410191115923226 ], [ 436054.423117433441803, 5826810.410191115923226 ], [ 436054.423117433441803, 5826544.240628430619836 ], [ 436231.738618159783073, 5826544.240628430619836 ], [ 436231.738618159783073, 5826455.517440868541598 ], [ 436320.396368523011915, 5826455.517440868541598 ], [ 436320.396368523011915, 5826189.347878184169531 ], [ 436497.711869249411393, 5826189.347878184169531 ], [ 436497.711869249411393, 5826100.624690622091293 ], [ 436586.369619612582028, 5826100.624690622091293 ], [ 436586.369619612582028, 5826011.901503060013056 ], [ 436763.685120338981505, 5826011.901503060013056 ], [ 436763.685120338981505, 5825923.178315498866141 ], [ 436852.34287070215214, 5825923.178315498866141 ], [ 436852.34287070215214, 5825745.731940375640988 ], [ 436941.000621065380983, 5825745.731940375640988 ], [ 436941.000621065380983, 5825657.008752813562751 ], [ 437029.658371428551618, 5825657.008752813562751 ], [ 437029.658371428551618, 5825568.285565251484513 ], [ 437118.316121791780461, 5825568.285565251484513 ], [ 437118.316121791780461, 5825479.562377690337598 ], [ 437206.973872154951096, 5825479.562377690337598 ], [ 437206.973872154951096, 5825302.116002567112446 ], [ 437295.631622518179938, 5825302.116002567112446 ], [ 437295.631622518179938, 5825035.946439881809056 ], [ 437384.289372881350573, 5825035.946439881809056 ], [ 437384.289372881350573, 5824858.500064758583903 ], [ 437472.947123244521208, 5824858.500064758583903 ], [ 437472.947123244521208, 5824769.776877196505666 ], [ 437472.947123244521208, 5824681.053689634427428 ], [ 437561.604873607750051, 5824681.053689634427428 ], [ 437561.604873607750051, 5824592.330502073280513 ], [ 437561.604873607750051, 5824326.160939387977123 ], [ 437561.604873607750051, 5824237.437751826830208 ], [ 437650.262623970920686, 5824237.437751826830208 ], [ 437650.262623970920686, 5823971.268189141526818 ], [ 437738.920374334149528, 5823971.268189141526818 ], [ 437738.920374334149528, 5823882.545001579448581 ], [ 437827.578124697320163, 5823882.545001579448581 ], [ 437827.578124697320163, 5823793.821814018301666 ], [ 437916.235875060549006, 5823793.821814018301666 ], [ 437916.235875060549006, 5823705.098626456223428 ], [ 438004.893625423719641, 5823705.098626456223428 ], [ 438093.551375786890276, 5823705.098626456223428 ], [ 438093.551375786890276, 5823527.652251332998276 ], [ 438182.209126150119118, 5823527.652251332998276 ], [ 438182.209126150119118, 5823438.929063770920038 ], [ 438359.524626876518596, 5823438.929063770920038 ], [ 438359.524626876518596, 5823350.205876209773123 ], [ 438448.182377239689231, 5823350.205876209773123 ], [ 438448.182377239689231, 5823261.482688647694886 ], [ 438625.497877966088708, 5823261.482688647694886 ], [ 438625.497877966088708, 5823084.036313524469733 ], [ 438625.497877966088708, 5822995.313125962391496 ], [ 438714.155628329317551, 5822995.313125962391496 ], [ 438714.155628329317551, 5822906.589938401244581 ], [ 438714.155628329317551, 5822817.866750839166343 ], [ 438802.813378692488186, 5822817.866750839166343 ], [ 438802.813378692488186, 5822551.697188153862953 ], [ 438891.471129055717029, 5822551.697188153862953 ], [ 438891.471129055717029, 5822108.081250345334411 ], [ 438891.471129055717029, 5822019.358062784187496 ], [ 438980.128879418887664, 5822019.358062784187496 ], [ 438980.128879418887664, 5821930.634875222109258 ], [ 438980.128879418887664, 5821753.188500098884106 ], [ 438980.128879418887664, 5821664.465312536805868 ], [ 438980.128879418887664, 5821575.742124975658953 ], [ 439068.786629782058299, 5821575.742124975658953 ], [ 439068.786629782058299, 5821487.018937413580716 ], [ 439068.786629782058299, 5821309.572562290355563 ], [ 439068.786629782058299, 5821220.849374728277326 ], [ 439068.786629782058299, 5821043.402999605052173 ], [ 439157.444380145287141, 5821043.402999605052173 ], [ 439157.444380145287141, 5820865.956624481827021 ], [ 439157.444380145287141, 5820777.233436919748783 ], [ 439246.102130508457776, 5820777.233436919748783 ], [ 439246.102130508457776, 5820422.340686673298478 ], [ 439246.102130508457776, 5820333.617499111220241 ], [ 439334.759880871686619, 5820333.617499111220241 ], [ 439334.759880871686619, 5819890.001561303623021 ], [ 439334.759880871686619, 5819801.278373741544783 ], [ 439334.759880871686619, 5819712.555186179466546 ], [ 439423.417631234857254, 5819712.555186179466546 ], [ 439423.417631234857254, 5819535.108811056241393 ], [ 439423.417631234857254, 5819446.385623495094478 ], [ 439423.417631234857254, 5819357.662435933016241 ], [ 439512.075381598086096, 5819357.662435933016241 ], [ 439512.075381598086096, 5819002.769685686565936 ], [ 439600.733131961256731, 5819002.769685686565936 ], [ 439600.733131961256731, 5818914.046498124487698 ], [ 439689.390882324427366, 5818914.046498124487698 ], [ 439689.390882324427366, 5818825.323310562409461 ], [ 439778.048632687656209, 5818825.323310562409461 ], [ 439778.048632687656209, 5818559.153747878037393 ], [ 439866.706383050826844, 5818559.153747878037393 ], [ 439866.706383050826844, 5818470.430560315959156 ], [ 439866.706383050826844, 5818381.707372753880918 ], [ 439955.364133414055686, 5818381.707372753880918 ], [ 439955.364133414055686, 5818204.260997630655766 ], [ 440044.021883777226321, 5818204.260997630655766 ], [ 440044.021883777226321, 5818026.814622507430613 ], [ 440132.679634140455164, 5818026.814622507430613 ], [ 440132.679634140455164, 5817938.091434945352376 ], [ 440221.337384503625799, 5817938.091434945352376 ], [ 440221.337384503625799, 5817760.645059822127223 ], [ 440309.995134866796434, 5817760.645059822127223 ], [ 440309.995134866796434, 5817671.921872260980308 ], [ 440309.995134866796434, 5817583.198684698902071 ], [ 440309.995134866796434, 5817494.475497137755156 ], [ 440398.652885230025277, 5817494.475497137755156 ], [ 440398.652885230025277, 5817317.02912201359868 ], [ 440487.310635593195911, 5817317.02912201359868 ], [ 440487.310635593195911, 5817228.305934452451766 ], [ 440575.968385956424754, 5817228.305934452451766 ], [ 440575.968385956424754, 5817050.859559329226613 ], [ 440664.626136319595389, 5817050.859559329226613 ], [ 440664.626136319595389, 5816873.413184205070138 ], [ 440753.283886682824232, 5816873.413184205070138 ], [ 440753.283886682824232, 5816784.689996643923223 ], [ 440841.941637045994867, 5816784.689996643923223 ], [ 440841.941637045994867, 5816695.966809081844985 ], [ 440930.599387409165502, 5816695.966809081844985 ], [ 440930.599387409165502, 5816607.243621520698071 ], [ 441107.914888135564979, 5816607.243621520698071 ], [ 441196.572638498793822, 5816607.243621520698071 ], [ 441285.230388861964457, 5816607.243621520698071 ], [ 441285.230388861964457, 5816429.797246396541595 ], [ 442969.72764576273039, 5816429.797246396541595 ], [ 442969.72764576273039, 5816341.074058835394681 ], [ 443413.01639757869998, 5816341.074058835394681 ], [ 443413.01639757869998, 5816252.350871273316443 ], [ 443856.30514939466957, 5816252.350871273316443 ], [ 443856.30514939466957, 5816163.627683712169528 ], [ 443944.962899757840205, 5816163.627683712169528 ], [ 443944.962899757840205, 5816074.90449615009129 ], [ 444122.278400484239683, 5816074.90449615009129 ], [ 444122.278400484239683, 5815897.458121026866138 ], [ 444210.936150847468525, 5815897.458121026866138 ], [ 444210.936150847468525, 5815720.011745903640985 ], [ 444299.59390121063916, 5815720.011745903640985 ], [ 444299.59390121063916, 5815631.288558341562748 ], [ 444388.251651573809795, 5815631.288558341562748 ], [ 444388.251651573809795, 5815453.842183218337595 ], [ 444476.909401937038638, 5815453.842183218337595 ], [ 444476.909401937038638, 5815276.395808095112443 ], [ 444565.567152300209273, 5815276.395808095112443 ], [ 444565.567152300209273, 5815187.672620533034205 ], [ 444654.224902663438115, 5815187.672620533034205 ], [ 444654.224902663438115, 5815098.94943297188729 ], [ 444742.88265302660875, 5815098.94943297188729 ], [ 444742.88265302660875, 5815010.226245409809053 ], [ 444831.540403389837593, 5815010.226245409809053 ], [ 444831.540403389837593, 5814832.7798702865839 ], [ 444920.198153753008228, 5814832.7798702865839 ], [ 444920.198153753008228, 5814655.333495163358748 ], [ 445008.85590411623707, 5814655.333495163358748 ], [ 445008.85590411623707, 5814566.61030760128051 ], [ 445097.513654479407705, 5814566.61030760128051 ], [ 445097.513654479407705, 5814389.163932478055358 ], [ 445186.171404842636548, 5814389.163932478055358 ], [ 445186.171404842636548, 5814211.717557354830205 ], [ 445274.829155205807183, 5814211.717557354830205 ], [ 445274.829155205807183, 5814122.994369792751968 ], [ 445363.486905568977818, 5814122.994369792751968 ], [ 445363.486905568977818, 5813945.547994669526815 ], [ 445452.144655932206661, 5813945.547994669526815 ], [ 445452.144655932206661, 5813768.101619546301663 ], [ 445540.802406295377295, 5813768.101619546301663 ], [ 445540.802406295377295, 5813679.378431984223425 ], [ 445629.460156658606138, 5813679.378431984223425 ], [ 445629.460156658606138, 5813501.932056860998273 ], [ 445718.117907021776773, 5813501.932056860998273 ], [ 445718.117907021776773, 5813413.208869298920035 ], [ 445806.775657385005616, 5813413.208869298920035 ], [ 445806.775657385005616, 5813324.48568173777312 ], [ 445895.433407748176251, 5813324.48568173777312 ], [ 445895.433407748176251, 5813235.762494175694883 ], [ 445984.091158111346886, 5813235.762494175694883 ], [ 445984.091158111346886, 5813058.31611905246973 ], [ 446072.748908474575728, 5813058.31611905246973 ], [ 446072.748908474575728, 5812969.592931490391493 ], [ 446161.406658837746363, 5812969.592931490391493 ], [ 446161.406658837746363, 5812880.869743929244578 ], [ 446250.064409200975206, 5812880.869743929244578 ], [ 446250.064409200975206, 5812614.700181243941188 ], [ 446427.379909927374683, 5812614.700181243941188 ], [ 446427.379909927374683, 5812525.97699368186295 ], [ 446516.037660290545318, 5812525.97699368186295 ], [ 446516.037660290545318, 5812348.530618558637798 ], [ 446604.695410653715953, 5812348.530618558637798 ], [ 446604.695410653715953, 5812171.084243435412645 ], [ 446693.353161016944796, 5812171.084243435412645 ], [ 446782.010911380115431, 5812171.084243435412645 ], [ 446782.010911380115431, 5811993.637868312187493 ], [ 446959.326412106514908, 5811993.637868312187493 ], [ 446959.326412106514908, 5811904.914680750109255 ], [ 447047.984162469743751, 5811904.914680750109255 ], [ 447047.984162469743751, 5811727.468305626884103 ], [ 447136.641912832914386, 5811727.468305626884103 ], [ 447136.641912832914386, 5811638.745118064805865 ], [ 447225.299663196085021, 5811638.745118064805865 ], [ 447225.299663196085021, 5811550.02193050365895 ], [ 447313.957413559313864, 5811550.02193050365895 ], [ 447313.957413559313864, 5811461.298742941580713 ], [ 447491.272914285713341, 5811461.298742941580713 ], [ 447491.272914285713341, 5811283.85236781835556 ], [ 447579.930664648883976, 5811283.85236781835556 ], [ 447579.930664648883976, 5811195.129180256277323 ], [ 447757.246165375283454, 5811195.129180256277323 ], [ 447757.246165375283454, 5811106.405992695130408 ], [ 447845.903915738512296, 5811106.405992695130408 ], [ 447845.903915738512296, 5810928.959617571905255 ], [ 448023.219416464911774, 5810928.959617571905255 ], [ 448023.219416464911774, 5810840.236430009827018 ], [ 448111.877166828082409, 5810840.236430009827018 ], [ 448111.877166828082409, 5810751.513242448680103 ], [ 448200.534917191253044, 5810751.513242448680103 ], [ 448200.534917191253044, 5810662.790054886601865 ], [ 448377.850417917652521, 5810662.790054886601865 ], [ 448377.850417917652521, 5810485.343679763376713 ], [ 448466.508168280881364, 5810485.343679763376713 ], [ 448466.508168280881364, 5810396.620492201298475 ], [ 448643.823669007280841, 5810396.620492201298475 ], [ 448643.823669007280841, 5810307.89730464015156 ], [ 448732.481419370451476, 5810307.89730464015156 ], [ 448732.481419370451476, 5810219.174117078073323 ], [ 448909.796920096850954, 5810219.174117078073323 ], [ 448909.796920096850954, 5810041.72774195484817 ], [ 448998.454670460021589, 5810041.72774195484817 ], [ 448998.454670460021589, 5809953.004554392769933 ], [ 449087.112420823250432, 5809953.004554392769933 ], [ 449087.112420823250432, 5809864.281366831623018 ], [ 449175.770171186421067, 5809864.281366831623018 ], [ 449175.770171186421067, 5809775.55817926954478 ], [ 449264.427921549649909, 5809775.55817926954478 ], [ 449264.427921549649909, 5809598.111804146319628 ], [ 449353.085671912820544, 5809598.111804146319628 ], [ 449353.085671912820544, 5809509.38861658424139 ], [ 449441.743422275991179, 5809509.38861658424139 ], [ 449441.743422275991179, 5809420.665429023094475 ], [ 449530.401172639220022, 5809420.665429023094475 ], [ 449530.401172639220022, 5809331.942241461016238 ], [ 449619.058923002390657, 5809331.942241461016238 ], [ 449619.058923002390657, 5809154.495866337791085 ], [ 449707.716673365619499, 5809154.495866337791085 ], [ 449707.716673365619499, 5809065.772678775712848 ], [ 449796.374423728790134, 5809065.772678775712848 ], [ 449796.374423728790134, 5808977.049491214565933 ], [ 449973.689924455189612, 5808977.049491214565933 ], [ 449973.689924455189612, 5808710.879928529262543 ], [ 450151.005425181589089, 5808710.879928529262543 ], [ 450151.005425181589089, 5808622.156740967184305 ], [ 450239.663175544759724, 5808622.156740967184305 ], [ 450239.663175544759724, 5808267.263990720734 ], [ 450328.320925907988567, 5808267.263990720734 ], [ 450328.320925907988567, 5808089.817615597508848 ], [ 450505.636426634388044, 5808089.817615597508848 ], [ 450505.636426634388044, 5807823.648052912205458 ], [ 450682.951927360787522, 5807823.648052912205458 ], [ 450682.951927360787522, 5807734.92486535012722 ], [ 450948.925178450357635, 5807734.92486535012722 ], [ 450948.925178450357635, 5807646.201677788980305 ], [ 451214.898429539927747, 5807646.201677788980305 ], [ 451214.898429539927747, 5807557.478490226902068 ], [ 451392.213930266327225, 5807557.478490226902068 ], [ 451392.213930266327225, 5807380.032115103676915 ], [ 451480.871680629556067, 5807380.032115103676915 ], [ 451480.871680629556067, 5807291.308927541598678 ], [ 451658.187181355897337, 5807291.308927541598678 ], [ 451658.187181355897337, 5807113.862552418373525 ], [ 451746.84493171912618, 5807113.862552418373525 ], [ 451746.84493171912618, 5806936.416177295148373 ], [ 451835.502682082296815, 5806936.416177295148373 ], [ 451835.502682082296815, 5806847.692989733070135 ], [ 451924.160432445525657, 5806847.692989733070135 ], [ 451924.160432445525657, 5806670.246614609844983 ], [ 452012.818182808696292, 5806670.246614609844983 ], [ 452012.818182808696292, 5806492.80023948661983 ], [ 452101.475933171925135, 5806492.80023948661983 ], [ 452101.475933171925135, 5806404.077051924541593 ], [ 452190.13368353509577, 5806404.077051924541593 ], [ 452190.13368353509577, 5806226.63067680131644 ], [ 452367.449184261495247, 5806226.63067680131644 ], [ 452367.449184261495247, 5806049.184301678091288 ], [ 452456.106934624665882, 5806049.184301678091288 ], [ 452456.106934624665882, 5805960.461114116944373 ], [ 452633.42243535106536, 5805960.461114116944373 ], [ 452633.42243535106536, 5805871.737926554866135 ], [ 452722.080185714294203, 5805871.737926554866135 ], [ 452722.080185714294203, 5805694.291551431640983 ], [ 452899.395686440635473, 5805694.291551431640983 ], [ 452899.395686440635473, 5805605.568363869562745 ], [ 452988.053436803864315, 5805605.568363869562745 ], [ 452988.053436803864315, 5805516.84517630841583 ], [ 453165.368937530263793, 5805516.84517630841583 ], [ 453165.368937530263793, 5805428.121988746337593 ], [ 453519.99993898300454, 5805428.121988746337593 ], [ 453519.99993898300454, 5805250.67561362311244 ], [ 453697.315439709404018, 5805250.67561362311244 ], [ 454051.946441162202973, 5805250.67561362311244 ], [ 454140.604191525431816, 5805250.67561362311244 ], [ 454938.523944794200361, 5805250.67561362311244 ], [ 455204.497195883770473, 5805250.67561362311244 ], [ 455736.443698062910698, 5805250.67561362311244 ], [ 455913.759198789310176, 5805250.67561362311244 ], [ 456179.732449878938496, 5805250.67561362311244 ], [ 456357.047950605279766, 5805250.67561362311244 ], [ 456623.021201694908086, 5805250.67561362311244 ], [ 456623.021201694908086, 5805161.952426061034203 ], [ 456711.678952058078721, 5805161.952426061034203 ], [ 456800.336702421307564, 5805161.952426061034203 ], [ 456888.994452784478199, 5805161.952426061034203 ], [ 456888.994452784478199, 5805250.67561362311244 ], [ 457066.309953510877676, 5805250.67561362311244 ], [ 457420.940954963676631, 5805250.67561362311244 ], [ 457598.256455690076109, 5805250.67561362311244 ], [ 457598.256455690076109, 5805161.952426061034203 ], [ 457686.914206053246744, 5805161.952426061034203 ], [ 458041.545207506045699, 5805161.952426061034203 ], [ 458218.860708232445177, 5805161.952426061034203 ], [ 458396.176208958844654, 5805161.952426061034203 ], [ 458396.176208958844654, 5805250.67561362311244 ], [ 458839.464960774814244, 5805250.67561362311244 ], [ 458928.122711137984879, 5805250.67561362311244 ], [ 458928.122711137984879, 5805161.952426061034203 ], [ 459016.780461501213722, 5805161.952426061034203 ], [ 459105.438211864384357, 5805161.952426061034203 ], [ 459105.438211864384357, 5804984.50605093780905 ], [ 459194.095962227554992, 5804984.50605093780905 ], [ 459282.753712590783834, 5804984.50605093780905 ], [ 459282.753712590783834, 5804895.782863375730813 ], [ 459371.411462953954469, 5804895.782863375730813 ], [ 459371.411462953954469, 5804807.059675814583898 ], [ 459460.069213317183312, 5804807.059675814583898 ], [ 459460.069213317183312, 5804718.33648825250566 ], [ 459548.726963680353947, 5804718.33648825250566 ], [ 459548.726963680353947, 5804540.890113129280508 ], [ 459637.38471404358279, 5804540.890113129280508 ], [ 459637.38471404358279, 5804452.16692556720227 ], [ 459726.042464406753425, 5804452.16692556720227 ], [ 459726.042464406753425, 5804363.443738006055355 ], [ 459726.042464406753425, 5804097.274175320751965 ], [ 459726.042464406753425, 5803831.104612635448575 ], [ 459814.700214769982267, 5803831.104612635448575 ], [ 459814.700214769982267, 5803564.935049951076508 ], [ 459903.357965133152902, 5803564.935049951076508 ], [ 459903.357965133152902, 5803387.488674826920033 ], [ 459992.015715496381745, 5803387.488674826920033 ], [ 459992.015715496381745, 5803032.595924580469728 ], [ 459992.015715496381745, 5802943.87273701839149 ], [ 460080.67346585955238, 5802943.87273701839149 ], [ 460080.67346585955238, 5802766.426361895166337 ], [ 460169.331216222723015, 5802766.426361895166337 ], [ 460169.331216222723015, 5802677.703174334019423 ], [ 460169.331216222723015, 5802588.979986771941185 ], [ 460257.988966585951857, 5802588.979986771941185 ], [ 460257.988966585951857, 5802322.810424086637795 ], [ 460257.988966585951857, 5802234.08723652549088 ], [ 460346.646716949122492, 5802234.08723652549088 ], [ 460346.646716949122492, 5802145.364048963412642 ], [ 460435.304467312351335, 5802145.364048963412642 ], [ 460435.304467312351335, 5802056.640861401334405 ], [ 460523.96221767552197, 5802056.640861401334405 ], [ 460523.96221767552197, 5801701.7481111548841 ], [ 460612.619968038750812, 5801701.7481111548841 ], [ 460612.619968038750812, 5801613.024923592805862 ], [ 460701.277718401921447, 5801613.024923592805862 ], [ 460701.277718401921447, 5801435.57854846958071 ], [ 460789.935468765092082, 5801435.57854846958071 ], [ 460789.935468765092082, 5801346.855360908433795 ], [ 460967.25096949149156, 5801346.855360908433795 ], [ 460967.25096949149156, 5801258.132173346355557 ], [ 461055.908719854720403, 5801258.132173346355557 ], [ 461055.908719854720403, 5801169.408985785208642 ], [ 461144.566470217891037, 5801169.408985785208642 ], [ 461144.566470217891037, 5800991.962610661052167 ], [ 461321.881970944290515, 5800991.962610661052167 ], [ 461321.881970944290515, 5800903.239423099905252 ], [ 461410.53972130746115, 5800903.239423099905252 ], [ 461410.53972130746115, 5800814.516235537827015 ], [ 461499.197471670689993, 5800814.516235537827015 ], [ 461499.197471670689993, 5800725.7930479766801 ], [ 461587.855222033860628, 5800725.7930479766801 ], [ 461587.855222033860628, 5800548.346672852523625 ], [ 461765.170722760260105, 5800548.346672852523625 ], [ 461765.170722760260105, 5800459.62348529137671 ], [ 461853.828473123488948, 5800459.62348529137671 ], [ 461853.828473123488948, 5800370.900297729298472 ], [ 462031.143973849830218, 5800370.900297729298472 ], [ 462031.143973849830218, 5800282.177110168151557 ], [ 462119.80172421305906, 5800282.177110168151557 ], [ 462119.80172421305906, 5800104.730735043995082 ], [ 462208.459474576287903, 5800104.730735043995082 ], [ 462208.459474576287903, 5800016.007547482848167 ], [ 462297.117224939458538, 5800016.007547482848167 ], [ 462297.117224939458538, 5799661.11479723546654 ], [ 462208.459474576287903, 5799661.11479723546654 ], [ 462208.459474576287903, 5799572.391609674319625 ], [ 462208.459474576287903, 5799394.945234551094472 ], [ 462119.80172421305906, 5799394.945234551094472 ], [ 462119.80172421305906, 5799040.052484303712845 ], [ 462119.80172421305906, 5798951.32929674256593 ], [ 462119.80172421305906, 5798685.15973405726254 ], [ 462031.143973849830218, 5798685.15973405726254 ], [ 462031.143973849830218, 5798418.99017137195915 ], [ 461942.486223486659583, 5798418.99017137195915 ], [ 461942.486223486659583, 5798064.097421125508845 ], [ 461853.828473123488948, 5798064.097421125508845 ], [ 461853.828473123488948, 5797620.481483316980302 ], [ 461765.170722760260105, 5797620.481483316980302 ], [ 461765.170722760260105, 5796821.972795262001455 ], [ 461676.51297239708947, 5796821.972795262001455 ], [ 461676.51297239708947, 5796023.464107206091285 ], [ 461676.51297239708947, 5795934.74091964494437 ], [ 461676.51297239708947, 5795402.40179427433759 ], [ 461587.855222033860628, 5795402.40179427433759 ], [ 461587.855222033860628, 5794958.785856465809047 ], [ 461499.197471670689993, 5794958.785856465809047 ], [ 461499.197471670689993, 5794603.893106219358742 ], [ 461499.197471670689993, 5794515.169918657280505 ], [ 461410.53972130746115, 5794515.169918657280505 ], [ 461410.53972130746115, 5794071.553980848751962 ], [ 461410.53972130746115, 5793805.384418163448572 ], [ 461321.881970944290515, 5793805.384418163448572 ], [ 461321.881970944290515, 5793627.93804304022342 ], [ 461233.22422058111988, 5793627.93804304022342 ], [ 461233.22422058111988, 5793450.491667916998267 ], [ 461144.566470217891037, 5793450.491667916998267 ], [ 461144.566470217891037, 5793184.322105231694877 ], [ 461055.908719854720403, 5793184.322105231694877 ], [ 461055.908719854720403, 5793006.875730108469725 ], [ 461055.908719854720403, 5792829.429354985244572 ], [ 460967.25096949149156, 5792829.429354985244572 ], [ 460967.25096949149156, 5792651.98297986201942 ], [ 460878.593219128320925, 5792651.98297986201942 ], [ 460878.593219128320925, 5792563.259792299941182 ], [ 460789.935468765092082, 5792563.259792299941182 ], [ 460789.935468765092082, 5792385.81341717671603 ], [ 460789.935468765092082, 5792297.090229614637792 ], [ 460701.277718401921447, 5792297.090229614637792 ], [ 460701.277718401921447, 5791764.751104244962335 ], [ 460612.619968038750812, 5791764.751104244962335 ], [ 460612.619968038750812, 5791676.027916682884097 ], [ 460612.619968038750812, 5791587.304729121737182 ], [ 460523.96221767552197, 5791587.304729121737182 ], [ 460523.96221767552197, 5791409.858353997580707 ], [ 460523.96221767552197, 5791321.135166436433792 ], [ 460435.304467312351335, 5791321.135166436433792 ], [ 460435.304467312351335, 5791232.411978874355555 ], [ 460435.304467312351335, 5790877.51922862790525 ], [ 460346.646716949122492, 5790877.51922862790525 ], [ 460346.646716949122492, 5790700.072853504680097 ], [ 460257.988966585951857, 5790700.072853504680097 ], [ 460257.988966585951857, 5790522.626478380523622 ], [ 460169.331216222723015, 5790522.626478380523622 ], [ 460169.331216222723015, 5790345.18010325729847 ], [ 460080.67346585955238, 5790345.18010325729847 ], [ 460080.67346585955238, 5789990.287353010848165 ], [ 459992.015715496381745, 5789990.287353010848165 ], [ 459992.015715496381745, 5789901.564165448769927 ], [ 459903.357965133152902, 5789901.564165448769927 ], [ 459903.357965133152902, 5789635.39460276439786 ], [ 459814.700214769982267, 5789635.39460276439786 ], [ 459814.700214769982267, 5789457.948227640241385 ], [ 459814.700214769982267, 5789369.22504007909447 ], [ 459814.700214769982267, 5789103.05547739379108 ], [ 459814.700214769982267, 5789014.332289831712842 ], [ 459903.357965133152902, 5789014.332289831712842 ], [ 459903.357965133152902, 5788925.609102270565927 ], [ 459992.015715496381745, 5788925.609102270565927 ], [ 459992.015715496381745, 5788836.885914708487689 ], [ 460080.67346585955238, 5788836.885914708487689 ], [ 460080.67346585955238, 5788659.439539585262537 ], [ 460080.67346585955238, 5788570.716352023184299 ], [ 460169.331216222723015, 5788570.716352023184299 ], [ 460169.331216222723015, 5788481.993164462037385 ], [ 460257.988966585951857, 5788481.993164462037385 ], [ 460257.988966585951857, 5785731.574350048787892 ], [ 460346.646716949122492, 5785731.574350048787892 ], [ 460346.646716949122492, 5785554.127974925562739 ], [ 460435.304467312351335, 5785554.127974925562739 ], [ 460435.304467312351335, 5785465.404787364415824 ], [ 460523.96221767552197, 5785465.404787364415824 ], [ 460523.96221767552197, 5785287.958412241190672 ], [ 460523.96221767552197, 5784933.065661993809044 ], [ 460523.96221767552197, 5784666.896099308505654 ], [ 460523.96221767552197, 5784578.172911747358739 ], [ 460612.619968038750812, 5784578.172911747358739 ], [ 460612.619968038750812, 5784489.449724185280502 ], [ 460789.935468765092082, 5784489.449724185280502 ], [ 460789.935468765092082, 5784223.280161499977112 ], [ 460967.25096949149156, 5784223.280161499977112 ], [ 460967.25096949149156, 5783957.110598815605044 ], [ 461055.908719854720403, 5783957.110598815605044 ], [ 461055.908719854720403, 5783690.941036130301654 ], [ 461055.908719854720403, 5783513.494661007076502 ], [ 461233.22422058111988, 5783513.494661007076502 ], [ 461233.22422058111988, 5783336.048285882920027 ], [ 461321.881970944290515, 5783336.048285882920027 ], [ 461321.881970944290515, 5783158.601910759694874 ], [ 461321.881970944290515, 5782714.985972951166332 ], [ 461321.881970944290515, 5782271.370035142637789 ], [ 461321.881970944290515, 5782182.646847581490874 ], [ 461410.53972130746115, 5782182.646847581490874 ], [ 461499.197471670689993, 5782182.646847581490874 ], [ 461499.197471670689993, 5782093.923660019412637 ], [ 461499.197471670689993, 5781827.754097334109247 ], [ 461499.197471670689993, 5781739.030909772962332 ], [ 461233.22422058111988, 5781739.030909772962332 ], [ 461144.566470217891037, 5781739.030909772962332 ], [ 461144.566470217891037, 5781650.307722210884094 ], [ 461144.566470217891037, 5781472.861347087658942 ], [ 461055.908719854720403, 5781472.861347087658942 ], [ 461055.908719854720403, 5781384.138159525580704 ], [ 460967.25096949149156, 5781384.138159525580704 ], [ 460967.25096949149156, 5780851.799034155905247 ], [ 461055.908719854720403, 5780851.799034155905247 ], [ 461055.908719854720403, 5780763.075846593827009 ], [ 461144.566470217891037, 5780763.075846593827009 ], [ 461144.566470217891037, 5780585.629471470601857 ], [ 461233.22422058111988, 5780585.629471470601857 ], [ 461233.22422058111988, 5780408.183096347376704 ], [ 461321.881970944290515, 5780408.183096347376704 ], [ 461321.881970944290515, 5780319.459908785298467 ], [ 461410.53972130746115, 5780319.459908785298467 ], [ 461410.53972130746115, 5780142.013533662073314 ], [ 461499.197471670689993, 5780142.013533662073314 ], [ 461499.197471670689993, 5780053.290346100926399 ], [ 461587.855222033860628, 5780053.290346100926399 ], [ 461587.855222033860628, 5779964.567158538848162 ], [ 461676.51297239708947, 5779964.567158538848162 ], [ 461676.51297239708947, 5779875.843970976769924 ], [ 461765.170722760260105, 5779875.843970976769924 ], [ 461765.170722760260105, 5779698.397595853544772 ], [ 461853.828473123488948, 5779698.397595853544772 ], [ 461853.828473123488948, 5779609.674408292397857 ], [ 462031.143973849830218, 5779609.674408292397857 ], [ 462031.143973849830218, 5779520.951220730319619 ], [ 462119.80172421305906, 5779520.951220730319619 ], [ 462119.80172421305906, 5779432.228033168241382 ], [ 462297.117224939458538, 5779432.228033168241382 ], [ 462297.117224939458538, 5779254.781658045016229 ], [ 462474.432725665858015, 5779254.781658045016229 ], [ 462474.432725665858015, 5779166.058470483869314 ], [ 462651.748226392199285, 5779166.058470483869314 ], [ 462651.748226392199285, 5779077.335282921791077 ], [ 462829.063727118656971, 5779077.335282921791077 ], [ 462829.063727118656971, 5778988.612095359712839 ], [ 463006.37922784499824, 5778988.612095359712839 ], [ 463006.37922784499824, 5778811.165720236487687 ], [ 463272.352478934568353, 5778811.165720236487687 ], [ 463272.352478934568353, 5778722.442532675340772 ], [ 463626.983480387367308, 5778722.442532675340772 ], [ 463626.983480387367308, 5778633.719345113262534 ], [ 463804.298981113766786, 5778633.719345113262534 ], [ 463892.956731476995628, 5778633.719345113262534 ], [ 463981.614481840166263, 5778633.719345113262534 ], [ 463981.614481840166263, 5778456.272969990037382 ], [ 464070.272232203395106, 5778456.272969990037382 ], [ 464247.587732929736376, 5778456.272969990037382 ], [ 464247.587732929736376, 5778367.549782427959144 ], [ 464602.218734382535331, 5778367.549782427959144 ], [ 464602.218734382535331, 5778278.826594866812229 ], [ 464690.876484745764174, 5778278.826594866812229 ], [ 464779.534235108934809, 5778278.826594866812229 ], [ 464868.191985472105443, 5778278.826594866812229 ], [ 464868.191985472105443, 5778190.103407304733992 ], [ 465222.822986924904399, 5778190.103407304733992 ], [ 465222.822986924904399, 5778012.657032181508839 ], [ 465488.796238014474511, 5778012.657032181508839 ], [ 465577.453988377703354, 5778012.657032181508839 ], [ 465577.453988377703354, 5777923.933844619430602 ], [ 465754.769489104102831, 5777923.933844619430602 ], [ 465932.084989830502309, 5777923.933844619430602 ], [ 465932.084989830502309, 5777835.210657058283687 ], [ 466020.742740193672944, 5777835.210657058283687 ], [ 466198.058240920072421, 5777835.210657058283687 ], [ 466198.058240920072421, 5777746.487469496205449 ], [ 466375.373741646471899, 5777746.487469496205449 ], [ 466464.031492009642534, 5777746.487469496205449 ], [ 466552.689242372871377, 5777746.487469496205449 ], [ 466552.689242372871377, 5777569.041094372980297 ], [ 466907.320243825670332, 5777569.041094372980297 ], [ 466907.320243825670332, 5777480.317906810902059 ], [ 467084.635744552011602, 5777480.317906810902059 ], [ 467173.293494915240444, 5777480.317906810902059 ], [ 467173.293494915240444, 5777391.594719249755144 ], [ 467261.951245278411079, 5777391.594719249755144 ], [ 467261.951245278411079, 5777214.148344126529992 ], [ 467350.608995641639922, 5777214.148344126529992 ], [ 467439.266746004810557, 5777214.148344126529992 ], [ 467439.266746004810557, 5777125.425156564451754 ], [ 467527.924496368039399, 5777125.425156564451754 ], [ 467527.924496368039399, 5777036.701969002373517 ], [ 467705.239997094380669, 5777036.701969002373517 ], [ 467705.239997094380669, 5776947.978781441226602 ], [ 467793.897747457609512, 5776947.978781441226602 ], [ 467793.897747457609512, 5776770.532406318001449 ], [ 467882.555497820780147, 5776770.532406318001449 ], [ 467882.555497820780147, 5776681.809218755923212 ], [ 468059.870998547179624, 5776681.809218755923212 ], [ 468059.870998547179624, 5776504.362843632698059 ], [ 468148.528748910408467, 5776504.362843632698059 ], [ 468148.528748910408467, 5776326.916468509472907 ], [ 468148.528748910408467, 5776238.193280947394669 ], [ 468237.186499273579102, 5776238.193280947394669 ], [ 468237.186499273579102, 5776149.470093386247754 ], [ 468237.186499273579102, 5776060.746905824169517 ], [ 468325.844249636749737, 5776060.746905824169517 ], [ 468325.844249636749737, 5775794.577343138866127 ], [ 468325.844249636749737, 5775705.854155577719212 ], [ 468237.186499273579102, 5775705.854155577719212 ], [ 468237.186499273579102, 5773487.774466535076499 ], [ 468325.844249636749737, 5773487.774466535076499 ], [ 468325.844249636749737, 5772866.712153603322804 ], [ 468414.50199999997858, 5772866.712153603322804 ], [ 468414.50199999997858, 5771624.587527738884091 ], [ 468325.844249636749737, 5771624.587527738884091 ], [ 468325.844249636749737, 5771358.417965054512024 ], [ 468325.844249636749737, 5771269.694777492433786 ], [ 468325.844249636749737, 5770826.078839683905244 ], [ 468237.186499273579102, 5770826.078839683905244 ], [ 468237.186499273579102, 5770559.909276998601854 ], [ 468148.528748910408467, 5770559.909276998601854 ], [ 468148.528748910408467, 5770382.462901875376701 ], [ 468148.528748910408467, 5770293.739714313298464 ], [ 468148.528748910408467, 5770205.016526752151549 ], [ 468148.528748910408467, 5769938.846964066848159 ], [ 468148.528748910408467, 5769850.123776504769921 ], [ 468148.528748910408467, 5769761.400588943623006 ], [ 468059.870998547179624, 5769761.400588943623006 ], [ 468059.870998547179624, 5769317.784651135094464 ], [ 467971.213248184008989, 5769317.784651135094464 ], [ 467971.213248184008989, 5768962.891900888644159 ], [ 467971.213248184008989, 5768874.168713326565921 ], [ 467882.555497820780147, 5768874.168713326565921 ], [ 467882.555497820780147, 5768785.445525764487684 ], [ 467882.555497820780147, 5768607.999150641262531 ], [ 467882.555497820780147, 5767454.597712338902056 ], [ 467793.897747457609512, 5767454.597712338902056 ], [ 467793.897747457609512, 5766922.258586969226599 ], [ 467705.239997094380669, 5766922.258586969226599 ], [ 467705.239997094380669, 5766656.089024283923209 ], [ 467616.582246731210034, 5766656.089024283923209 ], [ 467616.582246731210034, 5766301.196274037472904 ], [ 467527.924496368039399, 5766301.196274037472904 ], [ 467527.924496368039399, 5766123.749898914247751 ], [ 467439.266746004810557, 5766123.749898914247751 ], [ 467439.266746004810557, 5766035.026711352169514 ], [ 467439.266746004810557, 5765857.580336228944361 ], [ 467439.266746004810557, 5765591.410773543640971 ], [ 467350.608995641639922, 5765591.410773543640971 ], [ 467350.608995641639922, 5765413.964398420415819 ], [ 467350.608995641639922, 5765325.241210858337581 ], [ 467261.951245278411079, 5765325.241210858337581 ], [ 467261.951245278411079, 5765236.518023297190666 ], [ 467261.951245278411079, 5765147.794835735112429 ], [ 467173.293494915240444, 5765147.794835735112429 ], [ 467173.293494915240444, 5764970.348460611887276 ], [ 467173.293494915240444, 5764881.625273049809039 ], [ 467173.293494915240444, 5764792.902085488662124 ], [ 467084.635744552011602, 5764792.902085488662124 ], [ 467084.635744552011602, 5764704.178897926583886 ], [ 467084.635744552011602, 5764526.732522803358734 ], [ 467084.635744552011602, 5764438.009335241280496 ], [ 467084.635744552011602, 5764349.286147680133581 ], [ 466995.977994188840967, 5764349.286147680133581 ], [ 466995.977994188840967, 5764260.562960118055344 ], [ 466907.320243825670332, 5764260.562960118055344 ], [ 466907.320243825670332, 5764171.839772556908429 ], [ 466907.320243825670332, 5763994.393397432751954 ], [ 466818.662493462441489, 5763994.393397432751954 ], [ 466818.662493462441489, 5763905.670209871605039 ], [ 466818.662493462441489, 5763816.947022309526801 ], [ 466818.662493462441489, 5763728.223834748379886 ], [ 466818.662493462441489, 5763550.777459624223411 ], [ 466730.004743099270854, 5763550.777459624223411 ], [ 466730.004743099270854, 5763462.054272063076496 ], [ 466641.346992736042012, 5763462.054272063076496 ], [ 466641.346992736042012, 5763373.331084500998259 ], [ 466552.689242372871377, 5763373.331084500998259 ], [ 466552.689242372871377, 5763284.607896939851344 ], [ 466464.031492009642534, 5763284.607896939851344 ], [ 466464.031492009642534, 5763018.438334254547954 ], [ 466375.373741646471899, 5763018.438334254547954 ], [ 466375.373741646471899, 5762929.715146692469716 ], [ 466286.715991283301264, 5762929.715146692469716 ], [ 466286.715991283301264, 5762840.991959131322801 ], [ 466198.058240920072421, 5762840.991959131322801 ], [ 466198.058240920072421, 5762663.545584007166326 ], [ 466198.058240920072421, 5762574.822396446019411 ], [ 466109.400490556843579, 5762574.822396446019411 ], [ 466109.400490556843579, 5762486.099208883941174 ], [ 466020.742740193672944, 5762486.099208883941174 ], [ 466020.742740193672944, 5762397.376021322794259 ], [ 465932.084989830502309, 5762397.376021322794259 ], [ 465932.084989830502309, 5762219.929646199569106 ], [ 465843.427239467273466, 5762219.929646199569106 ], [ 465843.427239467273466, 5762131.206458637490869 ], [ 465754.769489104102831, 5762131.206458637490869 ], [ 465754.769489104102831, 5761953.760083514265716 ], [ 465666.111738740932196, 5761953.760083514265716 ], [ 465666.111738740932196, 5761865.036895952187479 ], [ 465577.453988377703354, 5761865.036895952187479 ], [ 465577.453988377703354, 5761510.144145705737174 ], [ 465488.796238014474511, 5761510.144145705737174 ], [ 465488.796238014474511, 5761421.420958143658936 ], [ 465400.138487651303876, 5761421.420958143658936 ], [ 465400.138487651303876, 5761155.251395458355546 ], [ 465311.480737288133241, 5761155.251395458355546 ], [ 465311.480737288133241, 5761066.528207897208631 ], [ 465222.822986924904399, 5761066.528207897208631 ], [ 465222.822986924904399, 5760800.358645211905241 ], [ 465222.822986924904399, 5760711.635457649827003 ], [ 465134.165236561733764, 5760711.635457649827003 ], [ 465134.165236561733764, 5760622.912270088680089 ], [ 465045.507486198504921, 5760622.912270088680089 ], [ 465045.507486198504921, 5760356.742707403376698 ], [ 464956.849735835334286, 5760356.742707403376698 ], [ 464956.849735835334286, 5760179.296332280151546 ], [ 464868.191985472105443, 5760179.296332280151546 ], [ 464868.191985472105443, 5760090.573144718073308 ], [ 464779.534235108934809, 5760090.573144718073308 ], [ 464779.534235108934809, 5759824.403582033701241 ], [ 464690.876484745764174, 5759824.403582033701241 ], [ 464690.876484745764174, 5759735.680394471623003 ], [ 464602.218734382535331, 5759735.680394471623003 ], [ 464602.218734382535331, 5759558.234019348397851 ], [ 464513.560984019364696, 5759558.234019348397851 ], [ 464513.560984019364696, 5759380.787644225172698 ], [ 464424.903233656135853, 5759380.787644225172698 ], [ 464424.903233656135853, 5759292.064456663094461 ], [ 464336.245483292965218, 5759292.064456663094461 ], [ 464336.245483292965218, 5759114.618081539869308 ], [ 464247.587732929736376, 5759114.618081539869308 ], [ 464247.587732929736376, 5758848.448518854565918 ], [ 464158.929982566565741, 5758848.448518854565918 ], [ 464158.929982566565741, 5758759.725331292487681 ], [ 464070.272232203395106, 5758759.725331292487681 ], [ 464070.272232203395106, 5758671.002143731340766 ], [ 463981.614481840166263, 5758671.002143731340766 ], [ 463981.614481840166263, 5758404.832581046037376 ], [ 463892.956731476995628, 5758404.832581046037376 ], [ 463892.956731476995628, 5758316.109393483959138 ], [ 463804.298981113766786, 5758316.109393483959138 ], [ 463804.298981113766786, 5758049.939830799587071 ], [ 463715.641230750596151, 5758049.939830799587071 ], [ 463715.641230750596151, 5757872.493455675430596 ], [ 463626.983480387367308, 5757872.493455675430596 ], [ 463626.983480387367308, 5757606.323892991058528 ], [ 463538.325730024196673, 5757606.323892991058528 ], [ 463538.325730024196673, 5757517.600705428980291 ], [ 463449.667979661026038, 5757517.600705428980291 ], [ 463449.667979661026038, 5757340.154330305755138 ], [ 463361.010229297797196, 5757340.154330305755138 ], [ 463361.010229297797196, 5757073.984767620451748 ], [ 463272.352478934568353, 5757073.984767620451748 ], [ 463272.352478934568353, 5756896.538392497226596 ], [ 463183.694728571397718, 5756896.538392497226596 ], [ 463183.694728571397718, 5756807.815204935148358 ], [ 463095.036978208227083, 5756807.815204935148358 ], [ 463095.036978208227083, 5756541.645642250776291 ], [ 463095.036978208227083, 5756452.922454688698053 ], [ 463006.37922784499824, 5756452.922454688698053 ], [ 463006.37922784499824, 5756364.199267126619816 ], [ 463006.37922784499824, 5756186.752892003394663 ], [ 462917.721477481827606, 5756186.752892003394663 ], [ 462917.721477481827606, 5756098.029704442247748 ], [ 462829.063727118656971, 5756098.029704442247748 ], [ 462829.063727118656971, 5756009.306516880169511 ], [ 462740.405976755428128, 5756009.306516880169511 ], [ 462740.405976755428128, 5755743.136954194866121 ], [ 462740.405976755428128, 5755654.413766633719206 ], [ 462651.748226392199285, 5755654.413766633719206 ], [ 462651.748226392199285, 5755565.690579071640968 ], [ 462563.09047602902865, 5755565.690579071640968 ], [ 462563.09047602902865, 5755476.967391509562731 ], [ 462563.09047602902865, 5755299.521016386337578 ], [ 462474.432725665858015, 5755299.521016386337578 ], [ 462474.432725665858015, 5755210.797828825190663 ], [ 462385.774975302629173, 5755210.797828825190663 ], [ 462385.774975302629173, 5755122.074641263112426 ], [ 462385.774975302629173, 5755033.351453701965511 ], [ 462297.117224939458538, 5755033.351453701965511 ], [ 462297.117224939458538, 5754855.905078577809036 ], [ 462119.80172421305906, 5754855.905078577809036 ], [ 462119.80172421305906, 5754767.181891016662121 ], [ 462031.143973849830218, 5754767.181891016662121 ], [ 462031.143973849830218, 5754678.458703454583883 ], [ 461853.828473123488948, 5754678.458703454583883 ], [ 461853.828473123488948, 5754589.735515893436968 ], [ 461765.170722760260105, 5754589.735515893436968 ], [ 461765.170722760260105, 5754501.012328331358731 ], [ 461499.197471670689993, 5754501.012328331358731 ], [ 461499.197471670689993, 5754323.565953208133578 ], [ 461410.53972130746115, 5754323.565953208133578 ], [ 461410.53972130746115, 5754234.842765646055341 ], [ 461233.22422058111988, 5754234.842765646055341 ], [ 461233.22422058111988, 5754146.119578084908426 ], [ 461144.566470217891037, 5754146.119578084908426 ], [ 461144.566470217891037, 5754057.396390522830188 ], [ 460967.25096949149156, 5754057.396390522830188 ], [ 460967.25096949149156, 5753879.950015399605036 ], [ 460878.593219128320925, 5753879.950015399605036 ], [ 460878.593219128320925, 5753791.226827837526798 ], [ 460612.619968038750812, 5753791.226827837526798 ], [ 460612.619968038750812, 5753702.503640276379883 ], [ 460435.304467312351335, 5753702.503640276379883 ], [ 460435.304467312351335, 5753613.780452714301646 ], [ 460169.331216222723015, 5753613.780452714301646 ], [ 460169.331216222723015, 5753525.057265152223408 ], [ 459903.357965133152902, 5753525.057265152223408 ], [ 459814.700214769982267, 5753525.057265152223408 ], [ 459814.700214769982267, 5753347.610890028998256 ], [ 459726.042464406753425, 5753347.610890028998256 ], [ 459548.726963680353947, 5753347.610890028998256 ], [ 459548.726963680353947, 5753258.887702467851341 ], [ 459282.753712590783834, 5753258.887702467851341 ], [ 459282.753712590783834, 5753170.164514905773103 ], [ 459016.780461501213722, 5753170.164514905773103 ], [ 459016.780461501213722, 5753081.441327344626188 ], [ 458928.122711137984879, 5753081.441327344626188 ], [ 458839.464960774814244, 5753081.441327344626188 ], [ 458750.807210411585402, 5753081.441327344626188 ], [ 458750.807210411585402, 5752903.994952220469713 ], [ 458484.833959322015289, 5752903.994952220469713 ], [ 458484.833959322015289, 5752815.271764659322798 ], [ 458396.176208958844654, 5752815.271764659322798 ], [ 458130.202957869216334, 5752815.271764659322798 ], [ 458130.202957869216334, 5752726.548577097244561 ], [ 457952.887457142816857, 5752726.548577097244561 ], [ 457864.229706779646222, 5752726.548577097244561 ], [ 457775.571956416475587, 5752726.548577097244561 ], [ 457775.571956416475587, 5752637.825389536097646 ], [ 457420.940954963676631, 5752637.825389536097646 ], [ 457420.940954963676631, 5752549.102201974019408 ], [ 456888.994452784478199, 5752549.102201974019408 ], [ 456888.994452784478199, 5752371.655826850794256 ], [ 456445.705700968508609, 5752371.655826850794256 ], [ 456445.705700968508609, 5752282.932639288716018 ], [ 455825.101448426139541, 5752282.932639288716018 ], [ 455825.101448426139541, 5752194.209451727569103 ], [ 455381.812696610169951, 5752194.209451727569103 ], [ 455381.812696610169951, 5752105.486264165490866 ], [ 454938.523944794200361, 5752105.486264165490866 ], [ 454938.523944794200361, 5752016.763076603412628 ], [ 454406.577442615001928, 5752016.763076603412628 ], [ 454406.577442615001928, 5751839.316701480187476 ], [ 454051.946441162202973, 5751839.316701480187476 ], [ 453785.97319007263286, 5751839.316701480187476 ], [ 453785.97319007263286, 5751750.593513919040561 ], [ 453165.368937530263793, 5751750.593513919040561 ], [ 453165.368937530263793, 5751661.870326356962323 ], [ 452544.764684987894725, 5751661.870326356962323 ], [ 452544.764684987894725, 5751573.147138794884086 ], [ 451835.502682082296815, 5751573.147138794884086 ], [ 451835.502682082296815, 5751484.423951233737171 ], [ 451480.871680629556067, 5751484.423951233737171 ], [ 451480.871680629556067, 5751306.977576110512018 ], [ 450948.925178450357635, 5751306.977576110512018 ], [ 450948.925178450357635, 5751218.254388548433781 ], [ 450771.609677723958157, 5751218.254388548433781 ], [ 450771.609677723958157, 5751129.531200986355543 ], [ 450416.978676271159202, 5751129.531200986355543 ], [ 450416.978676271159202, 5751040.808013425208628 ], [ 450239.663175544759724, 5751040.808013425208628 ], [ 450239.663175544759724, 5750952.084825863130391 ], [ 449973.689924455189612, 5750952.084825863130391 ], [ 449973.689924455189612, 5750774.638450739905238 ], [ 449707.716673365619499, 5750774.638450739905238 ], [ 449707.716673365619499, 5750685.915263178758323 ], [ 449441.743422275991179, 5750685.915263178758323 ], [ 449441.743422275991179, 5750597.192075616680086 ], [ 449264.427921549649909, 5750597.192075616680086 ], [ 449264.427921549649909, 5750508.468888054601848 ], [ 448998.454670460021589, 5750508.468888054601848 ], [ 448998.454670460021589, 5750419.745700493454933 ], [ 448821.139169733622111, 5750419.745700493454933 ], [ 448821.139169733622111, 5750242.299325370229781 ], [ 448643.823669007280841, 5750242.299325370229781 ], [ 448643.823669007280841, 5750153.576137808151543 ], [ 448111.877166828082409, 5750153.576137808151543 ], [ 448111.877166828082409, 5750064.852950246073306 ], [ 447757.246165375283454, 5750064.852950246073306 ], [ 447757.246165375283454, 5749976.129762684926391 ], [ 447047.984162469743751, 5749976.129762684926391 ], [ 447047.984162469743751, 5749887.406575122848153 ], [ 446161.406658837746363, 5749887.406575122848153 ], [ 446161.406658837746363, 5749709.960199999623001 ], [ 445540.802406295377295, 5749709.960199999623001 ], [ 445540.802406295377295, 5749798.683387561701238 ], [ 443856.30514939466957, 5749798.683387561701238 ], [ 443856.30514939466957, 5749887.406575122848153 ], [ 443501.674147941870615, 5749887.406575122848153 ], [ 443501.674147941870615, 5749976.129762684926391 ], [ 443413.01639757869998, 5749976.129762684926391 ], [ 443235.700896852300502, 5749976.129762684926391 ], [ 443058.385396125901025, 5749976.129762684926391 ], [ 443058.385396125901025, 5750153.576137808151543 ], [ 442969.72764576273039, 5750153.576137808151543 ], [ 442703.75439467310207, 5750153.576137808151543 ], [ 442703.75439467310207, 5750242.299325370229781 ], [ 442526.438893946702592, 5750242.299325370229781 ], [ 442349.123393220361322, 5750242.299325370229781 ], [ 442349.123393220361322, 5750331.022512931376696 ], [ 442083.150142130733002, 5750331.022512931376696 ], [ 442083.150142130733002, 5750419.745700493454933 ], [ 441905.834641404333524, 5750419.745700493454933 ], [ 441905.834641404333524, 5750597.192075616680086 ], [ 441728.519140677934047, 5750597.192075616680086 ], [ 441639.861390314763412, 5750597.192075616680086 ], [ 441639.861390314763412, 5750685.915263178758323 ], [ 441551.203639951534569, 5750685.915263178758323 ], [ 441462.545889588363934, 5750685.915263178758323 ], [ 441462.545889588363934, 5750774.638450739905238 ], [ 441196.572638498793822, 5750774.638450739905238 ], [ 441196.572638498793822, 5750952.084825863130391 ], [ 441019.257137772394344, 5750952.084825863130391 ], [ 441019.257137772394344, 5751040.808013425208628 ], [ 440930.599387409165502, 5751040.808013425208628 ], [ 440930.599387409165502, 5751129.531200986355543 ], [ 440753.283886682824232, 5751129.531200986355543 ], [ 440753.283886682824232, 5751218.254388548433781 ], [ 440664.626136319595389, 5751218.254388548433781 ], [ 440664.626136319595389, 5751395.700763671658933 ], [ 440398.652885230025277, 5751395.700763671658933 ], [ 440398.652885230025277, 5751484.423951233737171 ], [ 440309.995134866796434, 5751484.423951233737171 ], [ 440132.679634140455164, 5751484.423951233737171 ], [ 440132.679634140455164, 5751573.147138794884086 ], [ 440044.021883777226321, 5751573.147138794884086 ], [ 439778.048632687656209, 5751573.147138794884086 ], [ 439778.048632687656209, 5751661.870326356962323 ], [ 439246.102130508457776, 5751661.870326356962323 ], [ 439157.444380145287141, 5751661.870326356962323 ], [ 439157.444380145287141, 5751839.316701480187476 ], [ 438802.813378692488186, 5751839.316701480187476 ], [ 438714.155628329317551, 5751839.316701480187476 ], [ 438625.497877966088708, 5751839.316701480187476 ], [ 438536.840127602918074, 5751839.316701480187476 ], [ 438536.840127602918074, 5751928.039889042265713 ], [ 438359.524626876518596, 5751928.039889042265713 ], [ 438359.524626876518596, 5752016.763076603412628 ], [ 438093.551375786890276, 5752016.763076603412628 ], [ 438093.551375786890276, 5752194.209451727569103 ], [ 437916.235875060549006, 5752194.209451727569103 ], [ 437916.235875060549006, 5752282.932639288716018 ], [ 437738.920374334149528, 5752282.932639288716018 ], [ 437738.920374334149528, 5752371.655826850794256 ], [ 437561.604873607750051, 5752371.655826850794256 ], [ 437561.604873607750051, 5752460.379014411941171 ], [ 437384.289372881350573, 5752460.379014411941171 ], [ 437384.289372881350573, 5752637.825389536097646 ], [ 437206.973872154951096, 5752637.825389536097646 ], [ 437206.973872154951096, 5752726.548577097244561 ], [ 437029.658371428551618, 5752726.548577097244561 ], [ 437029.658371428551618, 5752815.271764659322798 ], [ 436852.34287070215214, 5752815.271764659322798 ], [ 436852.34287070215214, 5752903.994952220469713 ], [ 436763.685120338981505, 5752903.994952220469713 ], [ 436763.685120338981505, 5752992.718139782547951 ], [ 436675.027369975810871, 5752992.718139782547951 ], [ 436586.369619612582028, 5752992.718139782547951 ], [ 436586.369619612582028, 5753081.441327344626188 ], [ 436409.05411888618255, 5753081.441327344626188 ], [ 436409.05411888618255, 5753170.164514905773103 ], [ 436231.738618159783073, 5753170.164514905773103 ], [ 436231.738618159783073, 5753258.887702467851341 ], [ 435877.107616707042325, 5753258.887702467851341 ], [ 435877.107616707042325, 5753436.334077591076493 ], [ 435433.818864891014528, 5753436.334077591076493 ], [ 435433.818864891014528, 5753525.057265152223408 ], [ 434901.872362711874302, 5753525.057265152223408 ], [ 434724.556861985474825, 5753525.057265152223408 ], [ 434547.241361259075347, 5753525.057265152223408 ], [ 434281.268110169505235, 5753525.057265152223408 ], [ 434192.610359806276392, 5753525.057265152223408 ], [ 433660.663857627136167, 5753525.057265152223408 ], [ 433483.34835690073669, 5753525.057265152223408 ], [ 432330.797602179169189, 5753525.057265152223408 ], [ 432153.482101452769712, 5753525.057265152223408 ], [ 431887.508850363199599, 5753525.057265152223408 ], [ 431355.562348184001166, 5753525.057265152223408 ], [ 431266.904597820830531, 5753525.057265152223408 ], [ 431178.246847457601689, 5753525.057265152223408 ], [ 431089.589097094431054, 5753525.057265152223408 ], [ 431089.589097094431054, 5753613.780452714301646 ], [ 430646.300345278461464, 5753613.780452714301646 ], [ 430468.984844552061986, 5753613.780452714301646 ], [ 430380.327094188891351, 5753613.780452714301646 ], [ 430291.669343825662509, 5753613.780452714301646 ], [ 429848.380592009692919, 5753613.780452714301646 ], [ 429848.380592009692919, 5753702.503640276379883 ], [ 429139.118589104095008, 5753702.503640276379883 ], [ 429139.118589104095008, 5753791.226827837526798 ], [ 428961.803088377695531, 5753791.226827837526798 ], [ 428784.487587651354261, 5753791.226827837526798 ], [ 428518.514336561725941, 5753791.226827837526798 ], [ 428518.514336561725941, 5753968.673202960751951 ], [ 428163.883335108985193, 5753968.673202960751951 ], [ 428163.883335108985193, 5754057.396390522830188 ], [ 427986.567834382585716, 5754057.396390522830188 ], [ 427986.567834382585716, 5754146.119578084908426 ], [ 427809.252333656186238, 5754146.119578084908426 ], [ 427809.252333656186238, 5754323.565953208133578 ], [ 427720.594583292957395, 5754323.565953208133578 ], [ 427543.279082566616125, 5754323.565953208133578 ], [ 427543.279082566616125, 5754412.289140769280493 ], [ 427099.990330750588328, 5754412.289140769280493 ], [ 427011.332580387417693, 5754412.289140769280493 ], [ 426922.67483002418885, 5754412.289140769280493 ], [ 426036.09732639224967, 5754412.289140769280493 ], [ 426036.09732639224967, 5754323.565953208133578 ], [ 425770.124075302679557, 5754323.565953208133578 ], [ 425770.124075302679557, 5754234.842765646055341 ], [ 425504.150824213051237, 5754234.842765646055341 ], [ 425504.150824213051237, 5754057.396390522830188 ], [ 425415.493073849880602, 5754057.396390522830188 ], [ 425415.493073849880602, 5753968.673202960751951 ], [ 425326.835323486709967, 5753968.673202960751951 ], [ 425238.177573123481125, 5753968.673202960751951 ], [ 425238.177573123481125, 5753879.950015399605036 ], [ 425149.51982276031049, 5753879.950015399605036 ], [ 425060.862072397081647, 5753879.950015399605036 ], [ 425060.862072397081647, 5753791.226827837526798 ], [ 424972.204322033911012, 5753791.226827837526798 ], [ 424972.204322033911012, 5753702.503640276379883 ], [ 424794.888821307511535, 5753702.503640276379883 ], [ 424794.888821307511535, 5753525.057265152223408 ], [ 424706.2310709443409, 5753525.057265152223408 ], [ 424706.2310709443409, 5753436.334077591076493 ], [ 424528.915570217941422, 5753436.334077591076493 ], [ 424440.257819854712579, 5753436.334077591076493 ], [ 424440.257819854712579, 5753347.610890028998256 ], [ 424351.600069491541944, 5753347.610890028998256 ], [ 424351.600069491541944, 5753258.887702467851341 ], [ 424174.284568765142467, 5753258.887702467851341 ], [ 424174.284568765142467, 5753081.441327344626188 ], [ 424085.626818401913624, 5753081.441327344626188 ], [ 424085.626818401913624, 5753170.164514905773103 ], [ 423996.969068038742989, 5753170.164514905773103 ], [ 423908.311317675572354, 5753170.164514905773103 ], [ 423908.311317675572354, 5752992.718139782547951 ], [ 423819.653567312343512, 5752992.718139782547951 ], [ 423819.653567312343512, 5752903.994952220469713 ], [ 423553.680316222773399, 5752903.994952220469713 ], [ 423553.680316222773399, 5752815.271764659322798 ], [ 423465.022565859544557, 5752815.271764659322798 ], [ 423465.022565859544557, 5752726.548577097244561 ], [ 423287.707065133203287, 5752726.548577097244561 ], [ 423287.707065133203287, 5752637.825389536097646 ], [ 423199.049314769974444, 5752637.825389536097646 ], [ 423199.049314769974444, 5752549.102201974019408 ], [ 423021.733814043574966, 5752549.102201974019408 ], [ 423021.733814043574966, 5752460.379014411941171 ], [ 422667.102812590776011, 5752460.379014411941171 ], [ 422667.102812590776011, 5752371.655826850794256 ], [ 422401.129561501205899, 5752371.655826850794256 ], [ 422401.129561501205899, 5752282.932639288716018 ], [ 422135.156310411635786, 5752282.932639288716018 ], [ 422135.156310411635786, 5752194.209451727569103 ], [ 421780.525308958836831, 5752194.209451727569103 ], [ 421780.525308958836831, 5752016.763076603412628 ], [ 421603.209808232437354, 5752016.763076603412628 ], [ 421603.209808232437354, 5752105.486264165490866 ], [ 421514.552057869266719, 5752105.486264165490866 ], [ 421514.552057869266719, 5751928.039889042265713 ], [ 421425.894307506037876, 5751928.039889042265713 ], [ 420982.605555690068286, 5751928.039889042265713 ], [ 420184.685802421299741, 5751928.039889042265713 ], [ 420184.685802421299741, 5752016.763076603412628 ], [ 418500.188545520592015, 5752016.763076603412628 ], [ 418411.53079515742138, 5752016.763076603412628 ], [ 417613.611041888652835, 5752016.763076603412628 ], [ 417613.611041888652835, 5752105.486264165490866 ], [ 417436.295541162253357, 5752105.486264165490866 ], [ 417436.295541162253357, 5752194.209451727569103 ], [ 417258.98004043585388, 5752194.209451727569103 ], [ 417258.98004043585388, 5752371.655826850794256 ], [ 417081.664539709454402, 5752371.655826850794256 ] ] ] ] } }
]
}
