{
"type": "FeatureCollection",
"name": "2025-12-15_outline_injection_v2_4326",
"crs": { "type": "name", "properties": { "name": "urn:ogc:def:crs:OGC:1.3:CRS84" } },
"features": [
{ "type": "Feature", "properties": { "fid": 1, "DN": 126 }, "geometry": { "type": "MultiPolygon", "coordinates": [ [ [ [ 7.794404392230146, 51.915904735026949 ], [ 7.794383028794623, 51.916702276169353 ], [ 7.793094270604965, 51.916689067661878 ], [ 7.793072883355123, 51.917486608313048 ], [ 7.789206546256032, 51.917446897015019 ], [ 7.789163631828461, 51.919041975709675 ], [ 7.787874809128647, 51.919028709638987 ], [ 7.787853327595992, 51.919826248435854 ], [ 7.785275639525491, 51.919799673211877 ], [ 7.785254111340956, 51.920597211136602 ], [ 7.783965245971504, 51.920583901982148 ], [ 7.783943693960086, 51.921381439412656 ], [ 7.782654806758958, 51.921368115769376 ], [ 7.782611654078107, 51.922963189526001 ], [ 7.781322722214331, 51.922949851013108 ], [ 7.781279519867799, 51.924544923549405 ], [ 7.779990543338445, 51.924531570165243 ], [ 7.779968917829112, 51.92532910588033 ], [ 7.778679919466454, 51.925315738004137 ], [ 7.778528352962429, 51.930898482120774 ], [ 7.778506696589727, 51.93169601653419 ], [ 7.778485039213097, 51.932493550832476 ], [ 7.777195836298048, 51.932480165412791 ], [ 7.777174155072762, 51.933277699214592 ], [ 7.777130789606792, 51.934872766472864 ], [ 7.778420061059003, 51.934886153036793 ], [ 7.778398399666031, 51.93568368687469 ], [ 7.778376737268821, 51.9364812205975 ], [ 7.77835507386731, 51.937278754205209 ], [ 7.778311744051137, 51.938873821075333 ], [ 7.778268410217018, 51.940468887485061 ], [ 7.77794327833924, 51.952431870883508 ], [ 7.777899910332629, 51.954026933380057 ], [ 7.777856538303376, 51.955621995416259 ], [ 7.777834850780105, 51.956419526261719 ], [ 7.777813162250986, 51.957217056992093 ], [ 7.777574522027135, 51.965989887430425 ], [ 7.778864686335053, 51.966003274748367 ], [ 7.778799650173607, 51.968395863595845 ], [ 7.777509417194818, 51.96838247513319 ], [ 7.777248907239081, 51.977952815586733 ], [ 7.777205474810756, 51.979547870717873 ], [ 7.777075153340373, 51.984333033349394 ], [ 7.775784463318152, 51.984319623110828 ], [ 7.775740968936327, 51.985914675636153 ], [ 7.775697470517698, 51.987509727701124 ], [ 7.775653968061763, 51.989104779305734 ], [ 7.775632215319653, 51.989902304935427 ], [ 7.775588706806832, 51.991497355849503 ], [ 7.775545194255463, 51.993092406303255 ], [ 7.775523436465169, 51.993889931357501 ], [ 7.775501677665051, 51.994687456296646 ], [ 7.775436395205136, 51.997080030423611 ], [ 7.776727451972306, 51.997093446780184 ], [ 7.776357736236017, 52.010651353773135 ], [ 7.776314221081706, 52.012246399468388 ], [ 7.776248940773658, 52.014638967148315 ], [ 7.777540503268625, 52.014652377766197 ], [ 7.777344814402412, 52.021830078034561 ], [ 7.778636584530765, 52.021843477934105 ], [ 7.778441020576812, 52.029021172323148 ], [ 7.779732998424913, 52.029034561498179 ], [ 7.779711287024074, 52.029832082903653 ], [ 7.781003288852427, 52.029845458296109 ], [ 7.780981599417732, 52.030642979967986 ], [ 7.782273625226464, 52.030656341577085 ], [ 7.782208619808088, 52.033048907045853 ], [ 7.783500715551916, 52.033062255632075 ], [ 7.783479068045147, 52.033859777605706 ], [ 7.784771187771862, 52.033873112406134 ], [ 7.784749562239643, 52.034670634645082 ], [ 7.786041705949368, 52.034683955658899 ], [ 7.786020102393835, 52.035481478162787 ], [ 7.787312270086699, 52.035494785389162 ], [ 7.787247522349111, 52.03788735334971 ], [ 7.788539759993121, 52.037900647546088 ], [ 7.788518198394387, 52.038698170348887 ], [ 7.789810460024041, 52.038711450755414 ], [ 7.7897889204104, 52.039508973822052 ], [ 7.791081206025824, 52.039522240437897 ], [ 7.791016650147832, 52.041914810083526 ], [ 7.792309005728073, 52.041928063663839 ], [ 7.792287508093842, 52.042725587027277 ], [ 7.792266009460928, 52.043523110275821 ], [ 7.793558412021637, 52.043536350440668 ], [ 7.793536935383236, 52.044333873951963 ], [ 7.794829361933473, 52.044347100322504 ], [ 7.794786451653239, 52.045942147754999 ], [ 7.796078925188648, 52.045955360707261 ], [ 7.796014621285139, 52.048347932125267 ], [ 7.797307164807949, 52.048361132034124 ], [ 7.797264336560255, 52.04995617982496 ], [ 7.798556927077334, 52.049969366311991 ], [ 7.798514140854936, 52.051564414395791 ], [ 7.799806778369731, 52.051577587459406 ], [ 7.799785406771776, 52.052375111704833 ], [ 7.801078068282367, 52.052388270968095 ], [ 7.80099266398769, 52.055578368303379 ], [ 7.802285418516914, 52.055591514890359 ], [ 7.802264087972628, 52.056389039312251 ], [ 7.803556866501282, 52.056402172096064 ], [ 7.803492937956797, 52.05879474579698 ], [ 7.80478578651001, 52.058807865525246 ], [ 7.804764498028771, 52.059605390236946 ], [ 7.806057370583918, 52.059618496159629 ], [ 7.805972298832793, 52.062808595354625 ], [ 7.807265264442302, 52.062821688591299 ], [ 7.807244017053079, 52.063619213476748 ], [ 7.80853700666816, 52.063632292905019 ], [ 7.808515781312179, 52.064429818048872 ], [ 7.809808794932957, 52.06444288366793 ], [ 7.809745182014775, 52.066835459529514 ], [ 7.811038265688363, 52.066848512083176 ], [ 7.810995898199797, 52.06844356282889 ], [ 7.812289028907816, 52.06845660194287 ], [ 7.812225539375311, 52.070849178317417 ], [ 7.813518740150715, 52.070862204361703 ], [ 7.813497598036407, 52.071659729962199 ], [ 7.814790822823649, 52.071672742192028 ], [ 7.814769702758321, 52.072470268049109 ], [ 7.816062951557524, 52.072483266463657 ], [ 7.816020754548411, 52.074078318575587 ], [ 7.815978553616255, 52.075673370229111 ], [ 7.818565238427375, 52.075699327460512 ], [ 7.818544182564405, 52.076496853855893 ], [ 7.819837549473736, 52.076509811558985 ], [ 7.819795480889125, 52.078104864745384 ], [ 7.821088894852659, 52.078117808998407 ], [ 7.821046868438832, 52.079712862465151 ], [ 7.822340329460023, 52.079725793266526 ], [ 7.82231933783055, 52.080523320196988 ], [ 7.823612822868957, 52.080536237176595 ], [ 7.823591853307485, 52.081333764361041 ], [ 7.82488536236323, 52.081346667518048 ], [ 7.8248644148719, 52.082144194956108 ], [ 7.826157947945106, 52.082157084289712 ], [ 7.826116096134154, 52.083752139557802 ], [ 7.827409676272227, 52.083765015434508 ], [ 7.827388771955757, 52.084562543264177 ], [ 7.828682376112662, 52.084575405315441 ], [ 7.828661493873771, 52.085372933397601 ], [ 7.829955122049632, 52.085385781622598 ], [ 7.829913400761398, 52.086980838176657 ], [ 7.831207076008084, 52.086993672940764 ], [ 7.831165396946773, 52.088588729769427 ], [ 7.832459119267737, 52.088601551071044 ], [ 7.83243830133864, 52.089399079679531 ], [ 7.833732047681186, 52.089411887151627 ], [ 7.833711251840258, 52.090209416011113 ], [ 7.835005022204505, 52.090222209652872 ], [ 7.834984248453887, 52.091019738762981 ], [ 7.836278042839955, 52.091032518573591 ], [ 7.836236538558678, 52.09262757717994 ], [ 7.837530380026237, 52.092640343522824 ], [ 7.837509649498732, 52.093437873018665 ], [ 7.838803514989484, 52.093450625528362 ], [ 7.838762097166997, 52.095045684904704 ], [ 7.840056009743943, 52.095058423943868 ], [ 7.840014634198254, 52.096653483589797 ], [ 7.842602554491049, 52.096678920524731 ], [ 7.842581911407467, 52.097476450901993 ], [ 7.843875896058472, 52.097489148433013 ], [ 7.843834653146993, 52.099084209569241 ], [ 7.845128684891401, 52.099096893624512 ], [ 7.845108085066662, 52.099894424383116 ], [ 7.846402140837245, 52.099907094599473 ], [ 7.846360984456019, 52.101502156496892 ], [ 7.847655087324713, 52.101514813234679 ], [ 7.847634530771385, 52.102312344373154 ], [ 7.848928657667625, 52.102324987270009 ], [ 7.84890812323224, 52.10312251865497 ], [ 7.850202274156149, 52.103135147710084 ], [ 7.850181761840852, 52.103932679341177 ], [ 7.852770112695807, 52.103957895563219 ], [ 7.852708708489689, 52.106350491929923 ], [ 7.854002954575855, 52.106363079814024 ], [ 7.853982507682688, 52.107160612067041 ], [ 7.85657104886216, 52.107185745939688 ], [ 7.856509840967132, 52.109578344165385 ], [ 7.857804182224489, 52.109590890868773 ], [ 7.857783800778787, 52.110388423740389 ], [ 7.860372532300636, 52.110413475244151 ], [ 7.860352196077341, 52.111211008716523 ], [ 7.861646586340938, 52.111223513515668 ], [ 7.8616059572302, 52.112818580831771 ], [ 7.864194832935006, 52.112843549234626 ], [ 7.864154292400826, 52.114438617519397 ], [ 7.865448777844535, 52.11445108112067 ], [ 7.865428529253841, 52.115248615447619 ], [ 7.866723038729022, 52.115261065195661 ], [ 7.866702812288342, 52.116058599763846 ], [ 7.867997345795113, 52.116071035657839 ], [ 7.867977141506595, 52.116868570466863 ], [ 7.869271699045072, 52.11688099250599 ], [ 7.869231333837713, 52.11847606249092 ], [ 7.870525938503414, 52.118488471028506 ], [ 7.870505777587736, 52.119286006204042 ], [ 7.871800406286513, 52.119298400884709 ], [ 7.871780267530455, 52.120095936299982 ], [ 7.87307492026242, 52.120108317122927 ], [ 7.87305480366813, 52.120905852777533 ], [ 7.874349480433406, 52.120918219741924 ], [ 7.874329386003033, 52.121715755635499 ], [ 7.875624086801733, 52.121728108740513 ], [ 7.875583941339193, 52.12332318089085 ], [ 7.876878689273569, 52.123335520487849 ], [ 7.87685863824457, 52.124133056744242 ], [ 7.878153410213734, 52.124145382479846 ], [ 7.87813338135611, 52.124942918974057 ], [ 7.879428177360187, 52.124955230847434 ], [ 7.879408170676089, 52.125752767579108 ], [ 7.883292633577755, 52.125789618966607 ], [ 7.883252756059902, 52.127384694191832 ], [ 7.885842495057172, 52.127409192109283 ], [ 7.885822601124451, 52.128206730250291 ], [ 7.888412390037068, 52.128231172003822 ], [ 7.888392541398902, 52.129028710728576 ], [ 7.890982380220887, 52.129053096314777 ], [ 7.890962576881746, 52.129850635621729 ], [ 7.893552465607121, 52.129874965037168 ], [ 7.893532707571476, 52.13067250492476 ], [ 7.897417616880105, 52.130708893460906 ], [ 7.897378236736046, 52.132303974972039 ], [ 7.898673254565537, 52.132316076740523 ], [ 7.898653586235028, 52.133113617670872 ], [ 7.899948628094486, 52.133125705566329 ], [ 7.89992898196579, 52.133923246727981 ], [ 7.901224047855328, 52.133935320749593 ], [ 7.901204423930594, 52.134732862142151 ], [ 7.902499513850327, 52.134744922289087 ], [ 7.902460309500822, 52.136340005421552 ], [ 7.903755446571391, 52.13635205203687 ], [ 7.903735866149789, 52.137149593776407 ], [ 7.905031027251915, 52.137161626515017 ], [ 7.905011469041746, 52.137959168484336 ], [ 7.906306654175542, 52.137971187345414 ], [ 7.906287118178955, 52.138768729544132 ], [ 7.907582327344537, 52.138780734526854 ], [ 7.907562813563685, 52.139578276954602 ], [ 7.908858046761164, 52.139590268058157 ], [ 7.908819062728013, 52.141185353257278 ], [ 7.910114343084762, 52.141197330822735 ], [ 7.910094872835633, 52.141994873593752 ], [ 7.911390177225639, 52.142006837277997 ], [ 7.911370729199719, 52.142804380276885 ], [ 7.912666057623095, 52.1428163300791 ], [ 7.912646631822538, 52.143613873305505 ], [ 7.915237337638068, 52.143637730920226 ], [ 7.915198575853428, 52.145232818394355 ], [ 7.915179193607872, 52.14603036196106 ], [ 7.917770041824023, 52.146054164718038 ], [ 7.91775070494643, 52.146851708850662 ], [ 7.919046153538354, 52.146863589230378 ], [ 7.919026838896884, 52.147661133588613 ], [ 7.920322311522858, 52.147673000081355 ], [ 7.920303019119662, 52.148470544664811 ], [ 7.922894013335626, 52.148494235648123 ], [ 7.922855518391252, 52.150089325827132 ], [ 7.924151063120046, 52.150101150654031 ], [ 7.924131837444595, 52.150898695910847 ], [ 7.928018546411304, 52.150934086037154 ], [ 7.927999389266743, 52.151731632190845 ], [ 7.929294983846803, 52.151743400779786 ], [ 7.929275848953546, 52.152540947155991 ], [ 7.933162707456032, 52.152576168558227 ], [ 7.933124573866275, 52.15417126298145 ], [ 7.935715909881294, 52.15419467410895 ], [ 7.93569688804815, 52.15499222181883 ], [ 7.942175359275467, 52.155050502281796 ], [ 7.942156452296245, 52.155848051542222 ], [ 7.949930785651157, 52.155917520484614 ], [ 7.94991201668735, 52.156715071615082 ], [ 7.955095015653815, 52.1567611009432 ], [ 7.955076338418658, 52.157558653274606 ], [ 7.962851001800727, 52.157627272288785 ], [ 7.96283246260781, 52.158424826466138 ], [ 7.968015681390147, 52.15847028913867 ], [ 7.967978785645511, 52.160065399750025 ], [ 7.974458059953065, 52.1601219110917 ], [ 7.97443972657084, 52.160919467841246 ], [ 7.977031488579697, 52.160941973388411 ], [ 7.977013200657757, 52.161739530667511 ], [ 7.980900919516619, 52.161773183196864 ], [ 7.98088270021767, 52.162570741323819 ], [ 7.983474563344085, 52.162593105811503 ], [ 7.984770496175305, 52.162604266703546 ], [ 7.984752345506236, 52.16340182567474 ], [ 7.988640218537763, 52.163435223896983 ], [ 7.988604053631129, 52.165030343407835 ], [ 7.991196065836223, 52.165052538981648 ], [ 7.991178028445703, 52.165850099201471 ], [ 7.992474058969829, 52.165861175950816 ], [ 7.995066122529972, 52.165883286740552 ], [ 7.995048153791932, 52.166680847795128 ], [ 7.997640267022644, 52.166702902269137 ], [ 7.997622343778533, 52.167500463840589 ], [ 8.001510589368875, 52.167533439717062 ], [ 8.001492734789776, 52.168331002117284 ], [ 8.005381057352279, 52.168363850796226 ], [ 8.005345484709551, 52.169958977134272 ], [ 8.009233953726387, 52.169991699542152 ], [ 8.009216235672822, 52.170789263476408 ], [ 8.011808598812555, 52.170811007842815 ], [ 8.011790926276436, 52.171608572285258 ], [ 8.015679546661257, 52.171641082970112 ], [ 8.015661942819621, 52.172438648228216 ], [ 8.016958174425882, 52.172449456952762 ], [ 8.018254406849749, 52.172460251437329 ], [ 8.018236848535672, 52.173257817199648 ], [ 8.022125620223687, 52.173290116135668 ], [ 8.022090640194953, 52.174885249167019 ], [ 8.023386945403564, 52.174895987611407 ], [ 8.024683251424541, 52.174906711814515 ], [ 8.024665806542655, 52.175704278774184 ], [ 8.025962136552216, 52.175714989041808 ], [ 8.027258467372045, 52.175725685067704 ], [ 8.027241068034407, 52.176523252526067 ], [ 8.033722850142658, 52.176576520549887 ], [ 8.036315568620454, 52.176597728063712 ], [ 8.036298330730272, 52.177395297536272 ], [ 8.041483870017467, 52.177437542862457 ], [ 8.042780256835544, 52.177448068587083 ], [ 8.04276313404781, 52.178245639454126 ], [ 8.0479487819981, 52.178287601122541 ], [ 8.049245195968604, 52.17829805593145 ], [ 8.049211179829753, 52.179893200322006 ], [ 8.055693493357831, 52.17994526368981 ], [ 8.055676600024031, 52.180742837203333 ], [ 8.063455541285245, 52.180804844955581 ], [ 8.063438786281424, 52.181602420127568 ], [ 8.068624855468306, 52.1816434749066 ], [ 8.068608192433873, 52.182441051138781 ], [ 8.073794366772091, 52.18248187915988 ], [ 8.073777795716405, 52.183279456445817 ], [ 8.078964075142808, 52.183320057694758 ], [ 8.078931116239941, 52.184915214249173 ], [ 8.08282097300623, 52.184945517331499 ], [ 8.084117593456508, 52.184955589864785 ], [ 8.085414214669081, 52.184965648150978 ], [ 8.085397850028007, 52.185763227700328 ], [ 8.086694495194326, 52.185773272026253 ], [ 8.087991141120831, 52.185783302104632 ], [ 8.087974822104638, 52.186580882115209 ], [ 8.091864834015723, 52.186610887721777 ], [ 8.091848583823754, 52.187408468477251 ], [ 8.094441975269092, 52.187428401544096 ], [ 8.095738672123009, 52.187438346704809 ], [ 8.095722490762117, 52.188235928201571 ], [ 8.099612655424503, 52.188265679042338 ], [ 8.099580429627894, 52.189860843399231 ], [ 8.102173969277356, 52.189880607177187 ], [ 8.102157901652067, 52.190678189752148 ], [ 8.103454695798169, 52.19068805054804 ], [ 8.10475149069071, 52.190697897093699 ], [ 8.104735468718243, 52.191495480119556 ], [ 8.108625927466239, 52.191524935096147 ], [ 8.108609974353019, 52.192322518851348 ], [ 8.111203663635074, 52.192342084807656 ], [ 8.111187756184769, 52.193139669009788 ], [ 8.112484625139608, 52.19314943089001 ], [ 8.112452854424973, 52.19474459951627 ], [ 8.115046687370137, 52.194764081634766 ], [ 8.115030847315518, 52.19556166633653 ], [ 8.117624729621689, 52.19558109200009 ], [ 8.117593140130955, 52.197176262177784 ], [ 8.1188901288034, 52.197185954183865 ], [ 8.120187118209703, 52.197195631936253 ], [ 8.120155618616721, 52.198790802773161 ], [ 8.121452655176858, 52.19880046682384 ], [ 8.121436927491615, 52.199598052350616 ], [ 8.122733987995735, 52.199607702422348 ], [ 8.122718282790856, 52.200405288112975 ], [ 8.124015367239053, 52.200414924204956 ], [ 8.123999684516697, 52.201212510059037 ], [ 8.125296792909063, 52.201222132170422 ], [ 8.125265471703917, 52.202817304092953 ], [ 8.126562627257202, 52.202826912497372 ], [ 8.126484427570649, 52.206814841720217 ], [ 8.127781699951365, 52.206824437238318 ], [ 8.127750461421554, 52.208419608693404 ], [ 8.129047780976668, 52.208429190500148 ], [ 8.129032183845181, 52.209226776333779 ], [ 8.130329527351591, 52.209236344154256 ], [ 8.130282801277978, 52.211629101804796 ], [ 8.131580215192169, 52.211638656184029 ], [ 8.13156466161214, 52.212436242117022 ], [ 8.131549107307126, 52.213233827938325 ], [ 8.131486882836345, 52.216424170106464 ], [ 8.132784436869837, 52.216433711859771 ], [ 8.132753366757184, 52.218028882818793 ], [ 8.134050967987626, 52.218038410852763 ], [ 8.134004427105893, 52.220431167270213 ], [ 8.135302098777498, 52.220440681855059 ], [ 8.135271114391564, 52.222035852785275 ], [ 8.13525562111521, 52.222833438082851 ], [ 8.136553363236914, 52.2228429392162 ], [ 8.136522421008614, 52.224438110019271 ], [ 8.136460527895775, 52.227628450285508 ], [ 8.137758410225123, 52.227637938778187 ], [ 8.137727505844364, 52.229233108783546 ], [ 8.139025435397654, 52.229242583548128 ], [ 8.139010005380451, 52.23004016865405 ], [ 8.13899457464378, 52.230837753648316 ], [ 8.138963711011852, 52.232432923301978 ], [ 8.140261734305858, 52.232442384877494 ], [ 8.1402309143132, 52.234037554625282 ], [ 8.140107605594697, 52.240418229151537 ], [ 8.141405862238384, 52.240427679154791 ], [ 8.141328887281215, 52.244415598456285 ], [ 8.142627260998731, 52.24442503553167 ], [ 8.142596512539859, 52.24602020301036 ], [ 8.145193355222753, 52.246039035403015 ], [ 8.145178026471466, 52.24683661951309 ], [ 8.146476472161238, 52.246846014559459 ], [ 8.146445859070862, 52.24844118298185 ], [ 8.14774435203074, 52.248450564284958 ], [ 8.147729067694858, 52.249248148596884 ], [ 8.147713782646036, 52.250045732797275 ], [ 8.149012322879456, 52.250055100355524 ], [ 8.148997060400124, 52.250852684712015 ], [ 8.150295624626915, 52.250862038256493 ], [ 8.150249902771151, 52.25325479145868 ], [ 8.148951268690285, 52.253245437112298 ], [ 8.148936003362909, 52.254043021022639 ], [ 8.148920737323412, 52.254840604821432 ], [ 8.14890547057175, 52.255638188508698 ], [ 8.147606767338196, 52.255628819076435 ], [ 8.147530306434605, 52.259616734500746 ], [ 8.146231487452265, 52.259607349443677 ], [ 8.146170212697973, 52.262797678702384 ], [ 8.144871301240984, 52.262788278284852 ], [ 8.144855957465804, 52.263585860051997 ], [ 8.143557023423906, 52.263576445077874 ], [ 8.143526287123056, 52.26517160773929 ], [ 8.142227307194483, 52.265162177938272 ], [ 8.14219652141832, 52.266757339614387 ], [ 8.139598470499948, 52.266738436065765 ], [ 8.139583029924401, 52.267536016196175 ], [ 8.139567588628374, 52.268333596214987 ], [ 8.138268517636664, 52.268324122464911 ], [ 8.138253052312955, 52.269121702101366 ], [ 8.1356548658781, 52.269102711187621 ], [ 8.135639353216389, 52.269900290169673 ], [ 8.134340237774461, 52.269890773004789 ], [ 8.134324701079679, 52.270688351603219 ], [ 8.131726425750355, 52.270669273855056 ], [ 8.131695256942681, 52.272264429626432 ], [ 8.129096891275145, 52.272245293618759 ], [ 8.129081259155823, 52.273042870790043 ], [ 8.126482849777375, 52.27302367706497 ], [ 8.126467170301968, 52.27382125357596 ], [ 8.125167943394862, 52.273811634999646 ], [ 8.125152239873426, 52.274609211124044 ], [ 8.12255374162698, 52.27458993054146 ], [ 8.122522239122002, 52.276185081352949 ], [ 8.119923650548175, 52.276165742491564 ], [ 8.119907851558201, 52.276963317176985 ], [ 8.118608535057701, 52.276953626028117 ], [ 8.118592712011951, 52.277751200324779 ], [ 8.114694696983783, 52.277722040277737 ], [ 8.114678803241262, 52.278519613629186 ], [ 8.112080083618574, 52.278500101565797 ], [ 8.112048200624345, 52.280095246817901 ], [ 8.110748795284985, 52.280085468784399 ], [ 8.110732829349308, 52.280883040963268 ], [ 8.106834547832539, 52.280853620245729 ], [ 8.106818511181153, 52.28165119147183 ], [ 8.105519062178722, 52.281641355692052 ], [ 8.104219613924768, 52.281631505615529 ], [ 8.104203529875923, 52.282429076167091 ], [ 8.102904059047122, 52.282419211511844 ], [ 8.101604588969016, 52.28240933255946 ], [ 8.101572325315049, 52.284004472198284 ], [ 8.09767377964036, 52.283974747859233 ], [ 8.097657576701311, 52.28477231666119 ], [ 8.093758967840671, 52.284742462787875 ], [ 8.09374269415987, 52.285540030624539 ], [ 8.091143578719791, 52.285520055980172 ], [ 8.091110935759312, 52.287115190175783 ], [ 8.087212128327616, 52.287085119250669 ], [ 8.087195735710035, 52.287882685320959 ], [ 8.083296865160412, 52.287852484838339 ], [ 8.083280401780256, 52.288650049933345 ], [ 8.079381468139649, 52.28861971988632 ], [ 8.079364933990766, 52.289417284002305 ], [ 8.076765602081837, 52.289396991890563 ], [ 8.074166273264352, 52.289376642577082 ], [ 8.074133015972091, 52.290971768149355 ], [ 8.07023388855313, 52.290941135174968 ], [ 8.070217188733601, 52.291738696917299 ], [ 8.068917457813045, 52.2917284570308 ], [ 8.066317998311606, 52.291707934353198 ], [ 8.065018269732896, 52.291697651562117 ], [ 8.065001475784754, 52.292495212019006 ], [ 8.063701724651702, 52.292484914632105 ], [ 8.06110222473847, 52.2924642769527 ], [ 8.058502727969641, 52.292443582065957 ], [ 8.058468904334617, 52.294038699691363 ], [ 8.057169110455028, 52.294028330202472 ], [ 8.051969942842163, 52.293986709221194 ], [ 8.051952913140072, 52.294784266379345 ], [ 8.048053475742059, 52.294752899570327 ], [ 8.046753664868852, 52.294742415361576 ], [ 8.044154045518161, 52.294721404035592 ], [ 8.044136874975774, 52.295518959284436 ], [ 8.036337896124309, 52.29545558022825 ], [ 8.036303272528082, 52.297050686765253 ], [ 8.035003398853451, 52.29704007292149 ], [ 8.031103782682813, 52.297008145567005 ], [ 8.027204173814891, 52.296976089478143 ], [ 8.020704842009708, 52.296922376588498 ], [ 8.018105115020823, 52.296900791306896 ], [ 8.01420553070739, 52.29686830610747 ], [ 8.014187820861379, 52.297665853993628 ], [ 8.012887937730415, 52.297654996676322 ], [ 8.007688413484349, 52.297611424367886 ], [ 8.007670586092543, 52.298408970585449 ], [ 8.002470981768903, 52.298365168163187 ], [ 8.002435137726698, 52.299960257756005 ], [ 7.999835247193032, 52.299938269462579 ], [ 7.998535303182244, 52.299927253858421 ], [ 7.997235360010267, 52.299916223949332 ], [ 7.997217343347523, 52.300713767317895 ], [ 7.990717523375955, 52.300658401616445 ], [ 7.990699389134627, 52.30145594328949 ], [ 7.972499679227774, 52.30129901225424 ], [ 7.971199706368425, 52.301287695603953 ], [ 7.971218190814011, 52.300490158740622 ], [ 7.969918242162948, 52.300478828108957 ], [ 7.968618294374685, 52.300467483172426 ], [ 7.967318347450306, 52.300456123931042 ], [ 7.962118568413406, 52.300410543917494 ], [ 7.96213721541293, 52.299613009217119 ], [ 7.955637627909523, 52.299555713981661 ], [ 7.955656390757799, 52.298758180806132 ], [ 7.943957398541044, 52.298654151192238 ], [ 7.94135763219384, 52.298630876159969 ], [ 7.929658727644675, 52.298525430490841 ], [ 7.929639497932845, 52.299322957012741 ], [ 7.92443991468928, 52.299275719032131 ], [ 7.924459237771164, 52.298478193860596 ], [ 7.916660030005362, 52.298406909817494 ], [ 7.914060301330087, 52.29838303404447 ], [ 7.914079810238592, 52.297585511479774 ], [ 7.910180294071659, 52.297549591573933 ], [ 7.908880457173225, 52.297537589666739 ], [ 7.904980951964772, 52.297501498129712 ], [ 7.905000623339563, 52.296703977853106 ], [ 7.901101196402099, 52.296667758628757 ], [ 7.901120936873188, 52.295870239273917 ], [ 7.897221588231774, 52.295833892370219 ], [ 7.89724139779217, 52.295036373940761 ], [ 7.894641883320122, 52.295012071858473 ], [ 7.893342127471866, 52.294999899365649 ], [ 7.893381883829353, 52.293404864251009 ], [ 7.889482761858468, 52.293368263058682 ], [ 7.88950270864536, 52.292570746377088 ], [ 7.888203026513042, 52.292558517728779 ], [ 7.888222995700973, 52.291761001283007 ], [ 7.885623680893911, 52.291736501787412 ], [ 7.885643695811628, 52.290938985928214 ], [ 7.884344063137796, 52.2909267150822 ], [ 7.884364100451053, 52.29012919945999 ], [ 7.883064492040885, 52.290116914666257 ], [ 7.88310461051783, 52.288521883782828 ], [ 7.880505489815502, 52.288497272707041 ], [ 7.880525594302321, 52.287699757798109 ], [ 7.879226058682441, 52.287687431166155 ], [ 7.879246185556095, 52.286889916495774 ], [ 7.87794667419941, 52.286877575919419 ], [ 7.876647163781812, 52.286865221046348 ], [ 7.876667336364111, 52.286067706967998 ], [ 7.875367850210618, 52.28605533815179 ], [ 7.875408239195357, 52.2844603103606 ], [ 7.874108800627542, 52.284447927955974 ], [ 7.874129017026775, 52.283650414243517 ], [ 7.871530189359786, 52.283625607257093 ], [ 7.871550451454379, 52.282828094139788 ], [ 7.871570712603349, 52.282030580908597 ], [ 7.868971981988581, 52.282005718163603 ], [ 7.868992288826267, 52.281208205529119 ], [ 7.867692948254902, 52.281195753071373 ], [ 7.867713277460873, 52.280398240678871 ], [ 7.86641396115278, 52.280385774283772 ], [ 7.866454663347204, 52.278790749869572 ], [ 7.863856126834026, 52.278765775627306 ], [ 7.8638765231318, 52.277968263963061 ], [ 7.862577279612807, 52.27795575576085 ], [ 7.862597698270166, 52.277158244340107 ], [ 7.859999260710268, 52.277133185776101 ], [ 7.860040188405222, 52.275538164024994 ], [ 7.858741017674251, 52.275525614023131 ], [ 7.858761503397322, 52.274728103335242 ], [ 7.857462356928783, 52.274715539401825 ], [ 7.856163211415826, 52.274702961178185 ], [ 7.856183742796524, 52.273905451094805 ], [ 7.854884621546905, 52.273892858940876 ], [ 7.853585501254977, 52.273880252497186 ], [ 7.853606078288771, 52.273082743019906 ], [ 7.852306982261089, 52.273070122647184 ], [ 7.852327581639134, 52.27227261341649 ], [ 7.851028509875577, 52.272259979115546 ], [ 7.849729439072845, 52.272247330525744 ], [ 7.849770728156169, 52.270652313167176 ], [ 7.849791371252979, 52.269854804316708 ], [ 7.84719337234634, 52.269829466443063 ], [ 7.847214061079652, 52.269031958202582 ], [ 7.844616112628041, 52.269006563904405 ], [ 7.844636846993327, 52.268209056275481 ], [ 7.84333789751453, 52.268196338059191 ], [ 7.843379409936831, 52.266601323185732 ], [ 7.84078160706868, 52.266575845349358 ], [ 7.840802408417645, 52.265778338469431 ], [ 7.839503531731748, 52.265765578487176 ], [ 7.839524355404263, 52.264968071857687 ], [ 7.838225502982424, 52.26495529795509 ], [ 7.836926651531721, 52.26494250976755 ], [ 7.836947520818411, 52.264145003754301 ], [ 7.835648693632667, 52.264132201647676 ], [ 7.835669585237415, 52.263334695886016 ], [ 7.833071980369867, 52.263309049552227 ], [ 7.833113853815298, 52.261714039151833 ], [ 7.831815099423697, 52.261701195292957 ], [ 7.831836057969589, 52.260903690288352 ], [ 7.826641143329424, 52.260852173493348 ], [ 7.826662194045529, 52.260054669846532 ], [ 7.822766088218107, 52.260015883390373 ], [ 7.82278720780927, 52.259218380737529 ], [ 7.817592506959238, 52.25916646699541 ], [ 7.817613718702746, 52.25836896571159 ], [ 7.813717773288515, 52.258329881563981 ], [ 7.813760333502449, 52.256734880886548 ], [ 7.80856593975789, 52.256682571742417 ], [ 7.80858731149872, 52.255885072726642 ], [ 7.804691596480253, 52.255845692050642 ], [ 7.804713037062394, 52.255048194045592 ], [ 7.802115945266652, 52.255021869614701 ], [ 7.79951885747392, 52.254995488066392 ], [ 7.799540390168363, 52.254197991452727 ], [ 7.798241871053768, 52.254184779637129 ], [ 7.795644835837484, 52.254158313169341 ], [ 7.795666437357951, 52.25336081757478 ], [ 7.794367944535092, 52.253347563301368 ], [ 7.79177096191184, 52.253321011919425 ], [ 7.789173983325765, 52.253294403424142 ], [ 7.760607487811281, 52.252997940554415 ], [ 7.759309022561106, 52.252984300773612 ], [ 7.751518252861861, 52.25290216225828 ], [ 7.751540644708998, 52.252104679654039 ], [ 7.750242210009616, 52.252090940322546 ], [ 7.748943776354128, 52.252077186713962 ], [ 7.747645343743614, 52.2520634188283 ], [ 7.746346912179161, 52.252049636665596 ], [ 7.746324427238748, 52.252847117697101 ], [ 7.743727520706103, 52.252819509751845 ], [ 7.742429069013299, 52.252805684363153 ], [ 7.735936826327787, 52.252736343260018 ], [ 7.735891480907744, 52.254331298646953 ], [ 7.733294498120146, 52.254303460674258 ], [ 7.730697519565227, 52.254275565589644 ], [ 7.72810054525165, 52.254247613393368 ], [ 7.726802059688072, 52.25423361587842 ], [ 7.726779222461898, 52.255031090607766 ], [ 7.725480714686478, 52.255017078414596 ], [ 7.718988191802062, 52.254946803276006 ], [ 7.717689690431297, 52.254932705413914 ], [ 7.717666689205697, 52.255730177216648 ], [ 7.715069643126921, 52.255701937851462 ], [ 7.713771121697192, 52.255687796751239 ], [ 7.713724976361618, 52.257282737588156 ], [ 7.707232152579454, 52.257211813858824 ], [ 7.707208961902443, 52.258009282077374 ], [ 7.705910377103206, 52.257995054087672 ], [ 7.704611793385221, 52.257980811818513 ], [ 7.703313210749571, 52.257966555269945 ], [ 7.702014629197338, 52.25795228444197 ], [ 7.701991344319546, 52.258749750916245 ], [ 7.700692740572228, 52.25873546540074 ], [ 7.700646120995639, 52.260330397185797 ], [ 7.69934747177168, 52.260316096573312 ], [ 7.699277464399626, 52.262708492157202 ], [ 7.69797874641116, 52.262694176037016 ], [ 7.697791825860818, 52.269073889229496 ], [ 7.696492922642949, 52.269059555551223 ], [ 7.696446135013427, 52.270654481872818 ], [ 7.693848238668028, 52.270625770020459 ], [ 7.693801353483627, 52.272220694238058 ], [ 7.692502360354328, 52.272206316061535 ], [ 7.692478892822689, 52.273003777585792 ], [ 7.69117987748804, 52.272989384711451 ], [ 7.689880863247849, 52.27297497755022 ], [ 7.68985734802181, 52.273772438135637 ], [ 7.688558311577557, 52.273758016275409 ], [ 7.688534771953599, 52.274555476332857 ], [ 7.685936655755085, 52.274526588925177 ], [ 7.685889480003081, 52.276121507041488 ], [ 7.681992174137729, 52.276078066290225 ], [ 7.681968514699694, 52.276875523933121 ], [ 7.680669391644237, 52.276861014691349 ], [ 7.679370269692257, 52.276846491160889 ], [ 7.679346562541014, 52.277643947858152 ], [ 7.678047418389106, 52.277629409623522 ], [ 7.676748275342914, 52.277614857099827 ], [ 7.676724520474325, 52.278412312849809 ], [ 7.676700764497235, 52.27920976848381 ], [ 7.674102388502543, 52.279180618903297 ], [ 7.674078584801723, 52.279978073588275 ], [ 7.671480166628582, 52.279948866013854 ], [ 7.67018095920849, 52.279934240791412 ], [ 7.670157084471377, 52.280731694107693 ], [ 7.666259398965177, 52.280687731443379 ], [ 7.666235453185806, 52.281485183387183 ], [ 7.663636955140249, 52.281455802652374 ], [ 7.663588966985696, 52.283050704512334 ], [ 7.657092508349876, 52.282976998374082 ], [ 7.654493932752888, 52.282947415878304 ], [ 7.654518090567441, 52.282149967958262 ], [ 7.653218827767785, 52.282135155696565 ], [ 7.651919566094877, 52.282120329143886 ], [ 7.646722530692432, 52.282060880024005 ], [ 7.646771122647341, 52.280465988927219 ], [ 7.645471913241913, 52.280451091771603 ], [ 7.644172704969606, 52.280436180325999 ], [ 7.644197045860596, 52.279638735455023 ], [ 7.64289786202945, 52.27962381014602 ], [ 7.637701138067911, 52.279563966015019 ], [ 7.63772559435175, 52.278766523164464 ], [ 7.63512728581496, 52.278736516219965 ], [ 7.632528981844803, 52.278706452119685 ], [ 7.627332387639103, 52.278646152452737 ], [ 7.623434954036788, 52.278600777670341 ], [ 7.623459665524313, 52.277803339439984 ], [ 7.619562312195533, 52.277757837359836 ], [ 7.619587092437486, 52.276960400313207 ], [ 7.61828800027134, 52.276945204811007 ], [ 7.615689819406984, 52.276914770943364 ], [ 7.611792556796567, 52.276869012984299 ], [ 7.611817475688782, 52.276071578432621 ], [ 7.610518413773443, 52.276056297641055 ], [ 7.609219353020159, 52.276041002562316 ], [ 7.606621235004091, 52.276010369543449 ], [ 7.604023121649255, 52.275979679376263 ], [ 7.604048179176177, 52.275182247334037 ], [ 7.602749147548743, 52.275166881259032 ], [ 7.597553032734741, 52.27510527409347 ], [ 7.593655958935124, 52.275058918711345 ], [ 7.585861843119334, 52.27496582221579 ], [ 7.585836459408673, 52.27576324807319 ], [ 7.575444184868704, 52.275638315816543 ], [ 7.575393041099503, 52.277233160039692 ], [ 7.57279489115901, 52.277201782318002 ], [ 7.572769270882739, 52.277999203357119 ], [ 7.571470174401617, 52.27798349261662 ], [ 7.571444529627959, 52.278780913089577 ], [ 7.568846293647665, 52.278749447846941 ], [ 7.568820601071613, 52.279546867303473 ], [ 7.567521461573746, 52.279531112800164 ], [ 7.567470026216096, 52.281125950461011 ], [ 7.564871657598975, 52.281094396786322 ], [ 7.564845891508174, 52.281891814539094 ], [ 7.563546685694075, 52.281876015816792 ], [ 7.563520895094009, 52.282673433000774 ], [ 7.560922440458428, 52.282641791783888 ], [ 7.560844921583021, 52.285034039919104 ], [ 7.559545626144096, 52.285018196517811 ], [ 7.559493894241156, 52.286613027115642 ], [ 7.558194553384531, 52.286597168517027 ], [ 7.558116876533543, 52.288989412173883 ], [ 7.556817466941046, 52.288973537922601 ], [ 7.556791548924219, 52.289770951786458 ], [ 7.556765629697741, 52.29056836553292 ], [ 7.555466174679519, 52.290552476080556 ], [ 7.555440230924925, 52.291349889255507 ], [ 7.554140753797417, 52.291333985054948 ], [ 7.554062845306544, 52.293726222511644 ], [ 7.552763299427978, 52.293710302652094 ], [ 7.552737304184131, 52.294507714447825 ], [ 7.551437736194551, 52.294491779837614 ], [ 7.5513856954184, 52.296086602165865 ], [ 7.55008608199334, 52.296070652348327 ], [ 7.550007941739046, 52.298462883592173 ], [ 7.548708259547742, 52.298446918109327 ], [ 7.548656113306559, 52.300041737438526 ], [ 7.547356385671747, 52.300025756744589 ], [ 7.547330287394471, 52.300823165776194 ], [ 7.546030537645191, 52.300807170326685 ], [ 7.545978290770516, 52.302401987122984 ], [ 7.544678495573905, 52.30238597645949 ], [ 7.544626197151701, 52.30398079187043 ], [ 7.543326356504792, 52.303964765991275 ], [ 7.543274006525903, 52.305559580015917 ], [ 7.541974120425733, 52.305543538919437 ], [ 7.541947920264964, 52.30634094529691 ], [ 7.540648012047889, 52.306324889440376 ], [ 7.540595561376945, 52.307919700924721 ], [ 7.539295607702783, 52.307903629847978 ], [ 7.539269357189265, 52.308701034954396 ], [ 7.537969381397486, 52.308684949115566 ], [ 7.537943106315929, 52.309482353644562 ], [ 7.536643108406683, 52.309466253042856 ], [ 7.536616808754909, 52.310263656994003 ], [ 7.535316788728345, 52.310247541628613 ], [ 7.535237812368453, 52.312639751394272 ], [ 7.533937723532697, 52.312623620342201 ], [ 7.533911372273344, 52.313421022901018 ], [ 7.532611261318547, 52.313404877082803 ], [ 7.532584885480111, 52.314202279062407 ], [ 7.531284752406424, 52.314186118477252 ], [ 7.531231950334281, 52.315780921159472 ], [ 7.529931771791173, 52.315764745344168 ], [ 7.529905345554122, 52.316562146046316 ], [ 7.528605144891411, 52.316545955462061 ], [ 7.528578694067577, 52.31734335558366 ], [ 7.527278471285421, 52.317327150229616 ], [ 7.527251995872626, 52.318124549770239 ], [ 7.527199041337978, 52.319719348498246 ], [ 7.525898749725809, 52.319703127446232 ], [ 7.525872247246811, 52.320500526169901 ], [ 7.524571933513474, 52.320484290345647 ], [ 7.524545406438821, 52.321281688487417 ], [ 7.523245070584466, 52.321265437890148 ], [ 7.523165411846996, 52.323657630215017 ], [ 7.521865007150626, 52.323641363913893 ], [ 7.521838428395759, 52.3244387606549 ], [ 7.520538001576649, 52.324422479578281 ], [ 7.520511398217256, 52.325219875736032 ], [ 7.51921094927556, 52.325203579883116 ], [ 7.519184321309464, 52.326000975457163 ], [ 7.520484793615395, 52.326017271775967 ], [ 7.520458187770988, 52.326814667698066 ], [ 7.517857197670351, 52.326782059817042 ], [ 7.517830543850565, 52.327579454689086 ], [ 7.516530027297893, 52.32756312881444 ], [ 7.516476669187803, 52.329157917271445 ], [ 7.515176107143627, 52.329141576150498 ], [ 7.515122697309031, 52.330736363201595 ], [ 7.513822089770385, 52.330720006832671 ], [ 7.513795359610509, 52.331517399713768 ], [ 7.512494729947004, 52.331501028563267 ], [ 7.512441219135322, 52.333095813035563 ], [ 7.511140543973525, 52.333079426634178 ], [ 7.511086981412258, 52.334674209697788 ], [ 7.509786260749205, 52.334657808043865 ], [ 7.509759454215283, 52.335455198929814 ], [ 7.508458711425808, 52.335438782491046 ], [ 7.508405047844608, 52.337033562970319 ], [ 7.505803472508191, 52.337000685265238 ], [ 7.50574971039159, 52.338595463392501 ], [ 7.50444887784293, 52.338579002123744 ], [ 7.504395063938251, 52.340173778837659 ], [ 7.503094185879835, 52.340157302309301 ], [ 7.503067253657957, 52.340954690018116 ], [ 7.500465454543202, 52.340921693063422 ], [ 7.500384510011489, 52.343313852651114 ], [ 7.499083542183429, 52.343297331278833 ], [ 7.499056534763565, 52.344094717099509 ], [ 7.496454556112011, 52.344061630449737 ], [ 7.496373385940021, 52.346453784364954 ], [ 7.495072328336544, 52.346437218138924 ], [ 7.495045245691945, 52.347234602067402 ], [ 7.492443087492044, 52.347201425702949 ], [ 7.492361691599527, 52.349593573933419 ], [ 7.491060544214863, 52.349576962843855 ], [ 7.491033386318776, 52.350374344876023 ], [ 7.489732216804788, 52.350357718988235 ], [ 7.489705034242298, 52.351155100426787 ], [ 7.488403842599143, 52.351138459739985 ], [ 7.488376635368064, 52.351935840584467 ], [ 7.485774209094266, 52.351902515287264 ], [ 7.485719697218222, 52.353497274715643 ], [ 7.484418439188509, 52.353480589626948 ], [ 7.484391157938558, 52.354277968686617 ], [ 7.481788598896092, 52.35424455457968 ], [ 7.481761269566392, 52.35504193256557 ], [ 7.480459968554965, 52.355025203546141 ], [ 7.480432614544739, 52.355822580935332 ], [ 7.479131291406255, 52.355805837111689 ], [ 7.477829969545241, 52.355789078962232 ], [ 7.477775164070112, 52.357383831469519 ], [ 7.476473796677987, 52.357367058035031 ], [ 7.475172430565673, 52.357350270273976 ], [ 7.47514497909437, 52.358147645390339 ], [ 7.473843590856643, 52.358130842822291 ], [ 7.473816114695062, 52.358928217339745 ], [ 7.472514704332081, 52.358911399963866 ], [ 7.472459701338773, 52.360506147681697 ], [ 7.469856790828244, 52.360472468021946 ], [ 7.469801689049623, 52.362067213339721 ], [ 7.468500188900368, 52.362050351053369 ], [ 7.467198690037944, 52.362033474438213 ], [ 7.467171090392188, 52.362830845954534 ], [ 7.465869569405302, 52.362813954527546 ], [ 7.465814319415921, 52.364408696238577 ], [ 7.465786692484527, 52.365206066916329 ], [ 7.463183513892404, 52.365172238172718 ], [ 7.463155838836481, 52.365969607764498 ], [ 7.461854228060633, 52.365952671412849 ], [ 7.461771124875354, 52.368344778023769 ], [ 7.461743421224012, 52.369142146656955 ], [ 7.461715716277746, 52.369939515171581 ], [ 7.463017444152603, 52.369956453945228 ], [ 7.464319173319465, 52.369973378386092 ], [ 7.464291513924439, 52.370770747750633 ], [ 7.465593267805458, 52.37078765834233 ], [ 7.465537991986392, 52.372382397683182 ], [ 7.46683979400724, 52.372399294908121 ], [ 7.466812177586402, 52.373196664884055 ], [ 7.468114004322906, 52.373213548257731 ], [ 7.468086410038894, 52.374010918598081 ], [ 7.470690114230476, 52.374044643306306 ], [ 7.470662565514512, 52.374842014492728 ], [ 7.470635015510717, 52.375639385560724 ], [ 7.473238818564514, 52.375673054854779 ], [ 7.473183808420662, 52.377267798561476 ], [ 7.475787710337963, 52.377301412434647 ], [ 7.475760250204632, 52.378098785071828 ], [ 7.475732788787525, 52.378896157590631 ], [ 7.478336789569621, 52.378929716036282 ], [ 7.478309373740737, 52.379727089396582 ], [ 7.479611399488155, 52.379743847592223 ], [ 7.479556610860667, 52.381338594916492 ], [ 7.482160759942371, 52.381372070208307 ], [ 7.482133410586572, 52.382169444650486 ], [ 7.483435510482756, 52.382186161266041 ], [ 7.483408183289032, 52.382983536068089 ], [ 7.484710307901793, 52.38300023882195 ], [ 7.48468300287233, 52.383797613983496 ], [ 7.48728730280502, 52.383830977425838 ], [ 7.487260043385214, 52.384628353423452 ], [ 7.48856221870429, 52.384645014110646 ], [ 7.488507742930765, 52.386239766704421 ], [ 7.489809966411435, 52.386256414003157 ], [ 7.489782750060924, 52.387053790598927 ], [ 7.492387247726657, 52.387087043122555 ], [ 7.492360076999256, 52.387884420551345 ], [ 7.493662351183464, 52.387901025774966 ], [ 7.493635202634642, 52.388698403560596 ], [ 7.494937501535532, 52.388714994916242 ], [ 7.494910375167476, 52.389512373058366 ], [ 7.49751502366844, 52.38954551368856 ], [ 7.497460860934894, 52.391140271514516 ], [ 7.498763233986788, 52.391156821261205 ], [ 7.498736174174177, 52.391954200470494 ], [ 7.501340970975058, 52.391987257876451 ], [ 7.501313956807003, 52.392784637913323 ], [ 7.502616380555131, 52.392801145571312 ], [ 7.502589388579973, 52.393598525962418 ], [ 7.502535400842723, 52.395193286390565 ], [ 7.505140392863391, 52.395226261500554 ], [ 7.505113444020349, 52.396023642480948 ], [ 7.506415965378539, 52.396040108987194 ], [ 7.506389038735985, 52.396837490320678 ], [ 7.507691584812444, 52.396853942950592 ], [ 7.507664680372571, 52.397651324636797 ], [ 7.50896725116746, 52.397667763389549 ], [ 7.50894036893246, 52.398465145428091 ], [ 7.510242964445935, 52.398481570302835 ], [ 7.510189243133805, 52.400076334965959 ], [ 7.51149188683154, 52.400092746431362 ], [ 7.511465047757621, 52.400890129055576 ], [ 7.512767716175434, 52.400906526640917 ], [ 7.512740899313984, 52.401703909616366 ], [ 7.514043592452031, 52.401720293320793 ], [ 7.514016797805242, 52.402517676647093 ], [ 7.515319515663682, 52.402534046469796 ], [ 7.515265969551547, 52.404128813705526 ], [ 7.516568735601845, 52.404145170113594 ], [ 7.516541984139712, 52.404942554022647 ], [ 7.517844774911894, 52.404958896546916 ], [ 7.517818045672019, 52.405756280805726 ], [ 7.520423677907823, 52.405788923732764 ], [ 7.520396994367235, 52.40658630880769 ], [ 7.52034362354142, 52.408181078604237 ], [ 7.521646511957293, 52.408197379938485 ], [ 7.521619848150114, 52.408994765126501 ], [ 7.522922761289672, 52.409011052573213 ], [ 7.524225675673617, 52.409027325665967 ], [ 7.524199057577945, 52.409824711667824 ], [ 7.524172438237068, 52.410622097551972 ], [ 7.526778364654215, 52.410654602535402 ], [ 7.526751791031582, 52.411451989231864 ], [ 7.529357769377591, 52.411484437724177 ], [ 7.529304712337011, 52.413079212620865 ], [ 7.530607750336637, 52.413095416261221 ], [ 7.530581243440024, 52.413892803996724 ], [ 7.533187370123668, 52.413925169134799 ], [ 7.533160908960031, 52.414722557678722 ], [ 7.533134446558407, 52.415519946105036 ], [ 7.535740672135365, 52.415552255665283 ], [ 7.535714255473456, 52.416349644898474 ], [ 7.538320532964691, 52.416381897951318 ], [ 7.538267789895723, 52.417976677910779 ], [ 7.539570977471397, 52.417992783821816 ], [ 7.539544627578548, 52.418790174086098 ], [ 7.542151053406903, 52.418822343751984 ], [ 7.542098443899342, 52.420417125769042 ], [ 7.544704968620658, 52.420449239835264 ], [ 7.544652448175996, 52.422044023220288 ], [ 7.547259071791513, 52.422076081680167 ], [ 7.547232856722756, 52.422873474113835 ], [ 7.548536193866729, 52.422889482260175 ], [ 7.548510001070875, 52.423686875034505 ], [ 7.551116726028425, 52.423718849157389 ], [ 7.551064430765039, 52.425313636183816 ], [ 7.553671254615176, 52.425345554685201 ], [ 7.553619048472113, 52.426940343068935 ], [ 7.554922509234754, 52.426956281687431 ], [ 7.554896427836367, 52.427753676159419 ], [ 7.556199913323206, 52.427769600869837 ], [ 7.556173854210902, 52.428566995680214 ], [ 7.557477364422089, 52.428582906481708 ], [ 7.557399250294468, 52.430975091575043 ], [ 7.558702832249212, 52.430990989376653 ], [ 7.558676815280653, 52.431788384628156 ], [ 7.5599804219624, 52.431804268518412 ], [ 7.559902434291022, 52.434196454933044 ], [ 7.56120611272808, 52.434212325819431 ], [ 7.561128184656397, 52.436604512541479 ], [ 7.562431934858017, 52.436620370421657 ], [ 7.562380023770247, 52.438215161891229 ], [ 7.563683822224308, 52.438231006309387 ], [ 7.563631953320659, 52.439825798217022 ], [ 7.564935800030764, 52.439841629171553 ], [ 7.56490988728165, 52.440639025402653 ], [ 7.564858058144468, 52.442233817513326 ], [ 7.566161976640145, 52.442249635455319 ], [ 7.566110189705671, 52.443844428002734 ], [ 7.566084294420228, 52.444641824100678 ], [ 7.567388284710736, 52.444657629027787 ], [ 7.567362411743458, 52.445455025460937 ], [ 7.568666426773796, 52.445470816466866 ], [ 7.56858887120242, 52.447863006419368 ], [ 7.56989295803935, 52.447878784406434 ], [ 7.569867127296605, 52.448676181274607 ], [ 7.569841295344544, 52.449473578025675 ], [ 7.569815462183094, 52.45027097465961 ], [ 7.571119620835876, 52.450286739625469 ], [ 7.571093810003296, 52.451084136593529 ], [ 7.572397993401069, 52.451099887634136 ], [ 7.572346415190635, 52.452694682120679 ], [ 7.573650646874239, 52.452710419685623 ], [ 7.573624879499614, 52.453507817203743 ], [ 7.574929135929687, 52.45352354084136 ], [ 7.574877644648006, 52.455118336426544 ], [ 7.576181949368843, 52.45513404658567 ], [ 7.576130500356697, 52.456728842602061 ], [ 7.577434853371903, 52.45674453928109 ], [ 7.577409150606546, 52.457541937563057 ], [ 7.578713528371033, 52.457557620311448 ], [ 7.578687847950838, 52.458355018925303 ], [ 7.579992250464753, 52.458370687742232 ], [ 7.57991527264174, 52.460762884227435 ], [ 7.582524222573898, 52.46079418140755 ], [ 7.582498608002979, 52.461591580897888 ], [ 7.583803108319499, 52.461607208362736 ], [ 7.583751922689188, 52.463202007887297 ], [ 7.585056471312602, 52.463217621863897 ], [ 7.585030900256443, 52.46401502189773 ], [ 7.587640048203006, 52.464046207594599 ], [ 7.587588996732237, 52.465641009097062 ], [ 7.588893619613722, 52.465656581261833 ], [ 7.588868115645486, 52.466453982283511 ], [ 7.588842610482812, 52.467251383188348 ], [ 7.59014728167878, 52.467266941859542 ], [ 7.590121798884184, 52.468064343092898 ], [ 7.592731191975382, 52.468095418169327 ], [ 7.592654877819832, 52.470487623837244 ], [ 7.593959646845333, 52.470503141129598 ], [ 7.593934229977801, 52.471300543229511 ], [ 7.595239023759246, 52.471316046578778 ], [ 7.59521362926964, 52.472113449005711 ], [ 7.59782326753132, 52.472144413428616 ], [ 7.597747218349843, 52.474536622668246 ], [ 7.599052109971963, 52.47455208462587 ], [ 7.599026781443013, 52.475349487914926 ], [ 7.600331697822857, 52.475364935925711 ], [ 7.60015452993855, 52.48094675877671 ], [ 7.601459612545167, 52.480962195491315 ], [ 7.601383736414976, 52.48335440485981 ], [ 7.602688890954165, 52.48336982850671 ], [ 7.602638348114555, 52.484964635052087 ], [ 7.603943551007908, 52.48498004518769 ], [ 7.603893050608713, 52.486574852148806 ], [ 7.605198301859845, 52.486590248771478 ], [ 7.605147843909455, 52.488185056147643 ], [ 7.606453143521969, 52.488200439255785 ], [ 7.606427936365907, 52.488997843209361 ], [ 7.607733260749993, 52.489013212361286 ], [ 7.607607325230331, 52.493000232580137 ], [ 7.608912768771165, 52.493015589533826 ], [ 7.608837264096336, 52.495407801584982 ], [ 7.610142779615254, 52.495423145457877 ], [ 7.610092484474164, 52.49701795378774 ], [ 7.611398048375754, 52.49703328413851 ], [ 7.611322667642639, 52.499425497075961 ], [ 7.612628303537487, 52.499440814341597 ], [ 7.612552983033468, 52.501833027545864 ], [ 7.612427425324682, 52.50582004722196 ], [ 7.613733251290479, 52.505835353591586 ], [ 7.613582684913748, 52.510619775987067 ], [ 7.61227671722937, 52.510604466987139 ], [ 7.612201347286039, 52.512996675296328 ], [ 7.613507385844642, 52.513011985611605 ], [ 7.613457180582134, 52.514606791445317 ], [ 7.613381863862243, 52.516998999321906 ], [ 7.61468802174196, 52.51701429741847 ], [ 7.614662937447297, 52.517811700249091 ], [ 7.615969120133823, 52.517826984372093 ], [ 7.615944058296922, 52.518624387523957 ], [ 7.617250265790402, 52.518639657672544 ], [ 7.617200185862639, 52.520234464501485 ], [ 7.618506441799325, 52.520249721111789 ], [ 7.618456404451145, 52.521844528348787 ], [ 7.619762708834654, 52.521859771419173 ], [ 7.619737712040559, 52.522657175299578 ], [ 7.621044041233828, 52.522672404392239 ], [ 7.620994091412054, 52.524267212676101 ], [ 7.622300469057089, 52.524282428226002 ], [ 7.622275516032659, 52.52507983262911 ], [ 7.623581918488933, 52.525095034199211 ], [ 7.623507123331133, 52.527487248016328 ], [ 7.624813597890553, 52.527502436475849 ], [ 7.624763775902796, 52.529097245975393 ], [ 7.626070298924833, 52.529112420887316 ], [ 7.626045409828602, 52.529909825897192 ], [ 7.627351957665859, 52.529924986825591 ], [ 7.627327091053531, 52.530722392153372 ], [ 7.628633663706158, 52.530737539097437 ], [ 7.628608819579946, 52.531534944742745 ], [ 7.629915417048089, 52.531550077701624 ], [ 7.629865772608327, 52.533144889510204 ], [ 7.631172418546687, 52.533160008916155 ], [ 7.631147618236389, 52.533957415079072 ], [ 7.632454288991739, 52.533972520497748 ], [ 7.632429511175242, 52.53476992697707 ], [ 7.636349601369161, 52.53481515800631 ], [ 7.636324893364951, 52.535612565665005 ], [ 7.63893833993083, 52.535642648441815 ], [ 7.63891367808664, 52.536440056846047 ], [ 7.641527176590908, 52.536470082797507 ], [ 7.641453326088889, 52.538862309893418 ], [ 7.642760148056182, 52.538877302524803 ], [ 7.64273555257713, 52.539674711753904 ], [ 7.644042399360369, 52.539689690391278 ], [ 7.644017826393001, 52.54048709993333 ], [ 7.645324697992332, 52.540502064575847 ], [ 7.645275595933902, 52.542096884168927 ], [ 7.645251043177367, 52.542894293791278 ], [ 7.645226489269192, 52.543691703297476 ], [ 7.64653345669094, 52.543706655229236 ], [ 7.646508925301995, 52.544504065047676 ], [ 7.647815917543669, 52.544519002981708 ], [ 7.647742387492197, 52.54691123302424 ], [ 7.649049451901665, 52.546926157814838 ], [ 7.64900047347072, 52.548520978117885 ], [ 7.650307586379475, 52.548535889335461 ], [ 7.650185238596738, 52.552522940197854 ], [ 7.651492471052057, 52.552537839121293 ], [ 7.651419119659841, 52.554930069526591 ], [ 7.652726424314288, 52.554944955299121 ], [ 7.652653133661381, 52.557337185939559 ], [ 7.653960510524272, 52.557352058558799 ], [ 7.653862868373164, 52.560541699492894 ], [ 7.655170341147461, 52.560556559382242 ], [ 7.65507277545481, 52.563746200163308 ], [ 7.656380344157749, 52.563761047319673 ], [ 7.656258479794738, 52.567748097813372 ], [ 7.65756616814735, 52.567762932658745 ], [ 7.657517461806436, 52.569357752894554 ], [ 7.658825198711186, 52.569372574150982 ], [ 7.658752201752757, 52.571764804909137 ], [ 7.660060010922757, 52.571779612999322 ], [ 7.660011387996192, 52.573374433773708 ], [ 7.66131924572787, 52.573389228271324 ], [ 7.661197787017604, 52.577376280298431 ], [ 7.662505764463497, 52.577391062472635 ], [ 7.66240867185136, 52.580580703702417 ], [ 7.663716745315829, 52.580595473126131 ], [ 7.663692493037376, 52.581392883567105 ], [ 7.665000591361638, 52.581407638968614 ], [ 7.664976361669003, 52.58220504971657 ], [ 7.666284484853197, 52.582219791094985 ], [ 7.666260277748606, 52.583017202149541 ], [ 7.667568425792879, 52.583031929504074 ], [ 7.667495868843957, 52.585424163238912 ], [ 7.668804089205137, 52.585438877412059 ], [ 7.668779925014733, 52.586236288847033 ], [ 7.67008817023865, 52.586250988993797 ], [ 7.669991597063857, 52.589440635260857 ], [ 7.671299938351131, 52.589455322643154 ], [ 7.671251692435189, 52.591050145923766 ], [ 7.672560082325939, 52.591064819697372 ], [ 7.672487776174798, 52.593457055011669 ], [ 7.673796238412971, 52.593471715595115 ], [ 7.673772157840731, 52.594269127555215 ], [ 7.675080644949314, 52.594283774106515 ], [ 7.674960343851183, 52.598270834269812 ], [ 7.6762689508122, 52.598285468465846 ], [ 7.676172784595826, 52.601475116191132 ], [ 7.677481487683946, 52.601489737609 ], [ 7.677433445308377, 52.603084561615546 ], [ 7.67736137328421, 52.605476796757557 ], [ 7.678670196274027, 52.60549140581292 ], [ 7.67862219013452, 52.607086229499963 ], [ 7.679931061767966, 52.607100824933802 ], [ 7.679835131010111, 52.610290472593256 ], [ 7.681144098817987, 52.610305055239984 ], [ 7.681120137077733, 52.611102467283715 ], [ 7.681048245104008, 52.613494702720907 ], [ 7.681024278861546, 52.614292114301989 ], [ 7.680880457764014, 52.619076581359721 ], [ 7.682189688175582, 52.619091154140335 ], [ 7.682165737829142, 52.61988856532961 ], [ 7.682093880038905, 52.62228079820364 ], [ 7.682069925191618, 52.623078208930366 ], [ 7.681974094547881, 52.626267850680897 ], [ 7.681902209745784, 52.628660080779632 ], [ 7.681878245893415, 52.629457490581245 ], [ 7.683187786625164, 52.629472054323529 ], [ 7.683139903127986, 52.631066874415055 ], [ 7.683115959691968, 52.631864284287389 ], [ 7.682876463442507, 52.639838376651703 ], [ 7.684186314683918, 52.639852931347406 ], [ 7.684114515283803, 52.642245158054287 ], [ 7.684090579900831, 52.643042566725384 ], [ 7.684066643392942, 52.643839975280862 ], [ 7.685376614802777, 52.643854517585183 ], [ 7.685352700982341, 52.644651926442094 ], [ 7.687972694792634, 52.644680968448526 ], [ 7.687948827475594, 52.645478378022673 ], [ 7.689258849875149, 52.645492877723484 ], [ 7.689211159506575, 52.647087697356703 ], [ 7.690521230656174, 52.647102183409075 ], [ 7.690497407607926, 52.647899593467812 ], [ 7.693117600894695, 52.647928522961806 ], [ 7.693093824363543, 52.648725933734632 ], [ 7.695714069750891, 52.648754806134313 ], [ 7.69569033974152, 52.649552217619615 ], [ 7.697000487926088, 52.649566632511288 ], [ 7.69695307220396, 52.651161455962317 ], [ 7.700883666358732, 52.65120461622368 ], [ 7.700860028295896, 52.652002029013786 ], [ 7.703480477595051, 52.65203073093253 ], [ 7.703456886070216, 52.652828144430359 ], [ 7.704767136205946, 52.652842474076387 ], [ 7.704743567397928, 52.653639887869787 ], [ 7.708674395915821, 52.653682791138266 ], [ 7.708650897481043, 52.654480206046735 ], [ 7.711271502997348, 52.654508736624926 ], [ 7.711224598129425, 52.656103567732416 ], [ 7.71515565763141, 52.656146257416069 ], [ 7.715132275035949, 52.656943674021221 ], [ 7.721684181964131, 52.657014535821965 ], [ 7.72166091743019, 52.65781195434419 ], [ 7.729523384764326, 52.657896512900265 ], [ 7.729500262138567, 52.658693933732486 ], [ 7.734742024086948, 52.658750017985525 ], [ 7.734718995714559, 52.659547440311194 ], [ 7.737339930849854, 52.659575396318495 ], [ 7.737316949067668, 52.660372819330959 ], [ 7.741248431368867, 52.660414645886533 ], [ 7.741202607592655, 52.662009493965805 ], [ 7.746444789754827, 52.662065063064453 ], [ 7.746421971611651, 52.662862488525505 ], [ 7.750353691006171, 52.662904014408646 ], [ 7.750330943314808, 52.663701440945829 ], [ 7.756883949524917, 52.663770362942458 ], [ 7.756861319978709, 52.664567791341653 ], [ 7.763414471965026, 52.66463635305972 ], [ 7.763391960576778, 52.665433783310647 ], [ 7.768634596574925, 52.665488373424701 ], [ 7.768589761393896, 52.667083236714127 ], [ 7.771211181098492, 52.667110446386864 ], [ 7.771233551521775, 52.666313014019032 ], [ 7.773854927733245, 52.666340164945979 ], [ 7.773810281226086, 52.6679350311246 ], [ 7.776431757021587, 52.66796212564023 ], [ 7.779053237000859, 52.66798916218675 ], [ 7.779031007571543, 52.668786596656851 ], [ 7.780341772977164, 52.66880009357876 ], [ 7.78296330691524, 52.668827043944241 ], [ 7.782941147993781, 52.669624479459998 ], [ 7.785562733795945, 52.669651372625559 ], [ 7.786873528254945, 52.669664797468414 ], [ 7.78685143984859, 52.670462234026203 ], [ 7.788162259197215, 52.670475644760408 ], [ 7.790783901001544, 52.670502422747525 ], [ 7.790761883117536, 52.67129986034363 ], [ 7.792072729424821, 52.671313227979915 ], [ 7.79338357676488, 52.671326581121946 ], [ 7.793339633312674, 52.672921457503968 ], [ 7.794650529395645, 52.672934796916962 ], [ 7.795961426509281, 52.672948121834828 ], [ 7.797272324652464, 52.672961432257509 ], [ 7.797250422948561, 52.673758871423658 ], [ 7.799872270034154, 52.673785449545832 ], [ 7.799850415017561, 52.674582889360053 ], [ 7.801161363959049, 52.674596157058254 ], [ 7.803783264916492, 52.674622648966327 ], [ 7.803761480451891, 52.675420089806792 ], [ 7.805072456325678, 52.675433314395953 ], [ 7.806383433221363, 52.675446524488535 ], [ 7.806339956665645, 52.677041407343317 ], [ 7.807650982305871, 52.677054603696355 ], [ 7.807672697232466, 52.676257161947532 ], [ 7.808983700029978, 52.676270343424989 ], [ 7.808940316881626, 52.677865227564645 ], [ 7.812873474560473, 52.677904687278193 ], [ 7.812851853050601, 52.678702130308693 ], [ 7.816785091463013, 52.678741460668554 ], [ 7.816763540534772, 52.679538904713162 ], [ 7.820696859655015, 52.679578105711187 ], [ 7.820675379315644, 52.680375550766243 ], [ 7.823297644843559, 52.680401613017722 ], [ 7.823254776611126, 52.681996504280967 ], [ 7.82587714164333, 52.682022510026719 ], [ 7.825855753757127, 52.68281995623331 ], [ 7.829789380450227, 52.682858857215393 ], [ 7.829768063175286, 52.68365630442397 ], [ 7.831079297949418, 52.683669242787559 ], [ 7.832390533723684, 52.683682166649902 ], [ 7.833701770496962, 52.683695076010963 ], [ 7.833680523840517, 52.684492524217859 ], [ 7.834991785485555, 52.68450541944754 ], [ 7.83761431176501, 52.684531166401641 ], [ 7.837593135734298, 52.685328615603197 ], [ 7.838904424241654, 52.685341467696269 ], [ 7.840215713742541, 52.685354305287085 ], [ 7.840173454200259, 52.68694920482254 ], [ 7.841484792447535, 52.686962028646875 ], [ 7.842796131686226, 52.686974837968101 ], [ 7.844107471915216, 52.686987632786185 ], [ 7.844086412289298, 52.687785083485586 ], [ 7.846709143471458, 52.687810630345098 ], [ 7.846688130614864, 52.688608081663595 ], [ 7.849310913505277, 52.688633571239848 ], [ 7.850622306428265, 52.688646294271834 ], [ 7.850601364227023, 52.689443746572842 ], [ 7.85322420078585, 52.689469149853217 ], [ 7.854535620538096, 52.689481829736529 ], [ 7.854514748999433, 52.69027928301638 ], [ 7.857137639209482, 52.690304599995457 ], [ 7.857095988724131, 52.691899507666754 ], [ 7.85971897838526, 52.691924768074919 ], [ 7.859698199445431, 52.692722222464766 ], [ 7.861009719627029, 52.692734831271665 ], [ 7.8636327629142, 52.692760005366225 ], [ 7.863612054659332, 52.693557460726446 ], [ 7.864923601650304, 52.693570026374573 ], [ 7.867546698546311, 52.693595114150114 ], [ 7.867526060983632, 52.694392570477042 ], [ 7.868837634775371, 52.694405092963699 ], [ 7.871460785263006, 52.694430094414834 ], [ 7.871440218399744, 52.695227551704804 ], [ 7.87406342053267, 52.695252495841885 ], [ 7.875375023045694, 52.69526494614859 ], [ 7.875334029768092, 52.696859862533763 ], [ 7.876645681028233, 52.696872299046177 ], [ 7.879268986433019, 52.696897128544663 ], [ 7.879248560029215, 52.697694587636228 ], [ 7.883183597012976, 52.69773172413322 ], [ 7.883163241333571, 52.69852918417687 ], [ 7.887098358610326, 52.698566191151848 ], [ 7.887078073662543, 52.699363652143916 ], [ 7.891013271206449, 52.699400529588772 ], [ 7.890993056997511, 52.700197991525584 ], [ 7.89492833478272, 52.700234739432219 ], [ 7.894908191319844, 52.70103220231011 ], [ 7.897531762375683, 52.701056629061547 ], [ 7.898843549320498, 52.701068820670429 ], [ 7.898863621085595, 52.700271356741858 ], [ 7.900175385074132, 52.700283533490087 ], [ 7.914604850867789, 52.70041651999766 ], [ 7.91462463490552, 52.699619051790698 ], [ 7.921183400770905, 52.699678918042054 ], [ 7.921222727079863, 52.698083977853379 ], [ 7.922534435234013, 52.698095906886678 ], [ 7.926469565227973, 52.69813160692631 ], [ 7.926489131410832, 52.697334135295804 ], [ 7.93304758029067, 52.697393343460831 ], [ 7.933067026077421, 52.696595870018506 ], [ 7.937002034691886, 52.6966312197859 ], [ 7.93702140788109, 52.695833745216376 ], [ 7.940956353004291, 52.695868963388264 ], [ 7.940994953292108, 52.694274011889533 ], [ 7.943618159005357, 52.694297416782234 ], [ 7.94363741000492, 52.693499940192034 ], [ 7.944948990327511, 52.693511620540789 ], [ 7.944968216531255, 52.692714143502613 ], [ 7.946279773866924, 52.692725809008742 ], [ 7.946318175783921, 52.69113085392447 ], [ 7.948941197606069, 52.691154140077892 ], [ 7.948960349435835, 52.690356661698416 ], [ 7.950271837810073, 52.690368282681604 ], [ 7.950290964853006, 52.689570803855901 ], [ 7.951602430239875, 52.689582409999751 ], [ 7.951621532498224, 52.688784930728282 ], [ 7.952932974897615, 52.68879652203362 ], [ 7.952971128952183, 52.687201562487189 ], [ 7.954282524481338, 52.687213138622703 ], [ 7.954301576280985, 52.686415658348217 ], [ 7.956924322259797, 52.686438766442009 ], [ 7.956962327650814, 52.684843804228848 ], [ 7.958273654219737, 52.684855335857492 ], [ 7.958330583970896, 52.682462890699746 ], [ 7.959641839799462, 52.682474406833606 ], [ 7.959717638145408, 52.679284477056918 ], [ 7.961028799370562, 52.679295977368668 ], [ 7.961047722858289, 52.678498494312798 ], [ 7.962358861101591, 52.678509979794349 ], [ 7.962377759829766, 52.677712496296259 ], [ 7.963688875091105, 52.677723966948427 ], [ 7.963745494340721, 52.675331514790848 ], [ 7.96505653888635, 52.675342969957207 ], [ 7.965075386329202, 52.674545485350706 ], [ 7.966386407894781, 52.674556925690183 ], [ 7.966762693614872, 52.658607203335777 ], [ 7.966837908304961, 52.655417253456591 ], [ 7.966894310040975, 52.653024789864084 ], [ 7.968204688552667, 52.653036206859838 ], [ 7.96824223762445, 52.651441229913232 ], [ 7.968279783166067, 52.649846252515935 ], [ 7.969590067230156, 52.649857653716545 ], [ 7.969665052413622, 52.646667696262085 ], [ 7.970975242046462, 52.646679081671053 ], [ 7.970993962314449, 52.645881591699286 ], [ 7.97230412900089, 52.645892962298312 ], [ 7.972322824565009, 52.645095471887799 ], [ 7.973632968304943, 52.645106827677722 ], [ 7.973670309152356, 52.643511845867458 ], [ 7.974980406123851, 52.643523186523865 ], [ 7.974999051410558, 52.642725695124568 ], [ 7.976309125436392, 52.642737020973946 ], [ 7.976327746027122, 52.64193952913724 ], [ 7.97763779710719, 52.641950840180407 ], [ 7.977656393004178, 52.641153347906702 ], [ 7.977693582176239, 52.639558363021564 ], [ 7.979003562676526, 52.639569658611443 ], [ 7.979022132136434, 52.638772165676045 ], [ 7.980332089692867, 52.638783446462213 ], [ 7.980350634465858, 52.637985953090755 ], [ 7.981660569078326, 52.637997219074009 ], [ 7.981716126732231, 52.63560473731502 ], [ 7.983025990777583, 52.635615987850933 ], [ 7.983044484445132, 52.634818493383527 ], [ 7.984354325548436, 52.634829729119026 ], [ 7.984372794538125, 52.634032234216889 ], [ 7.984391262659909, 52.633234739202202 ], [ 7.985701057013336, 52.633245959816335 ], [ 7.985774825602816, 52.630055977345265 ], [ 7.985830142946327, 52.6276634893104 ], [ 7.985848580328055, 52.6268659930737 ], [ 7.987158185125011, 52.626877196640471 ], [ 7.987231830805348, 52.623687209283482 ], [ 7.988541341281853, 52.6236983970933 ], [ 7.988651641111542, 52.618913410757571 ], [ 7.989961009707286, 52.618924582173292 ], [ 7.989997721836263, 52.617329585187349 ], [ 7.990034430516057, 52.615734587751398 ], [ 7.991343704832833, 52.615745743418046 ], [ 7.99138036250053, 52.614150744892399 ], [ 7.99268959011365, 52.614161885452248 ], [ 7.992726196778503, 52.612566885837836 ], [ 7.991417016724372, 52.612555745916787 ], [ 7.991435342544984, 52.611758246260223 ], [ 7.992744498821295, 52.611769385861919 ], [ 7.992762800004403, 52.610971885773488 ], [ 7.996690202648943, 52.61100521682733 ], [ 7.996708431645334, 52.61020771567086 ], [ 7.999326656800321, 52.610229863410652 ], [ 8.000635770657476, 52.610240915582771 ], [ 8.004563117334216, 52.610273985307721 ], [ 8.004581202825458, 52.609476482138909 ], [ 8.012435776401514, 52.609542229140686 ], [ 8.012471659554043, 52.607947218696218 ], [ 8.017707868593861, 52.607990758234571 ], [ 8.017725713817867, 52.60719325159566 ], [ 8.020343775819656, 52.607214933957799 ], [ 8.020361572663315, 52.606417426585011 ], [ 8.024288600609728, 52.60644984071979 ], [ 8.024324049172158, 52.604854823779007 ], [ 8.028250941981995, 52.604887105891052 ], [ 8.028268593710447, 52.604089596326872 ], [ 8.03088647885512, 52.604111044806245 ], [ 8.030904082220454, 52.603313534515003 ], [ 8.033521923133103, 52.603334924531609 ], [ 8.033539478139621, 52.602537413515016 ], [ 8.036157274813155, 52.602558745072024 ], [ 8.036192287295016, 52.600963721479395 ], [ 8.037501139334767, 52.600974364955192 ], [ 8.03751862057962, 52.600176852685578 ], [ 8.040136279591499, 52.600198095645673 ], [ 8.040153712491733, 52.599400582654987 ], [ 8.041462519462593, 52.599411182140486 ], [ 8.041479927783362, 52.598613668733869 ], [ 8.042788711809729, 52.598624253455867 ], [ 8.042823478480463, 52.597029225699572 ], [ 8.044132215803566, 52.59703979535589 ], [ 8.044149574156927, 52.596242281006639 ], [ 8.045458288536402, 52.596252835901531 ], [ 8.045475622318154, 52.595455321137678 ], [ 8.046784313753896, 52.595465861271947 ], [ 8.046801622966274, 52.59466834609389 ], [ 8.048110291458185, 52.594678871468368 ], [ 8.048162142959061, 52.592286324356905 ], [ 8.049470741001567, 52.59229683436984 ], [ 8.049487999461018, 52.591499318140706 ], [ 8.050796574561623, 52.591509813396321 ], [ 8.05081380846072, 52.590712296754319 ], [ 8.05212236061932, 52.590722777253447 ], [ 8.052156778493236, 52.58912774303262 ], [ 8.052173986218209, 52.58833022575422 ], [ 8.053482467940077, 52.588340690897702 ], [ 8.053499651111483, 52.58754317320733 ], [ 8.05611656947953, 52.587564059532234 ], [ 8.05616797169246, 52.58517150399323 ], [ 8.05878475081234, 52.585192330710854 ], [ 8.058801835791767, 52.584394811376967 ], [ 8.060110202812277, 52.584405202758617 ], [ 8.06016138172054, 52.58201264319181 ], [ 8.062777975724156, 52.582033380814387 ], [ 8.062794986284395, 52.581235860140524 ], [ 8.064103260745775, 52.581246206978335 ], [ 8.064120246771438, 52.580448685895995 ], [ 8.066736750609701, 52.580469335627079 ], [ 8.066753688368015, 52.579671813840996 ], [ 8.068061917743641, 52.579682116735462 ], [ 8.068095743408206, 52.578087072237047 ], [ 8.0694039261098, 52.578097360091654 ], [ 8.069420814019443, 52.577299837379776 ], [ 8.070728973780845, 52.577310110490636 ], [ 8.070745837167053, 52.576512587372449 ], [ 8.072053973988167, 52.576522845740357 ], [ 8.072070812853163, 52.575725322216329 ], [ 8.073378926733891, 52.575735565842137 ], [ 8.073412554636667, 52.574140517871342 ], [ 8.074720621849409, 52.574150746462699 ], [ 8.074770986608851, 52.571758172788307 ], [ 8.076078983432534, 52.57176838605416 ], [ 8.076112508553956, 52.57017333579337 ], [ 8.077420458718116, 52.570183534028565 ], [ 8.077437196377783, 52.569386008438173 ], [ 8.077453933251887, 52.568588482735969 ], [ 8.078761836759668, 52.568598665942154 ], [ 8.078778549129506, 52.567801139836327 ], [ 8.078828681533084, 52.565408560847999 ], [ 8.078845390765794, 52.564611034294963 ], [ 8.080153176473962, 52.564621201599692 ], [ 8.080203228330973, 52.562228620395672 ], [ 8.081510943684519, 52.562238772385136 ], [ 8.081527602361046, 52.561441244802623 ], [ 8.08283529478523, 52.561451382060362 ], [ 8.082851928971136, 52.560653854075582 ], [ 8.084159598465865, 52.56066397660242 ], [ 8.084176208163372, 52.559866448215779 ], [ 8.085483854728547, 52.55987655601254 ], [ 8.086791502070879, 52.559886649369268 ], [ 8.086824624302798, 52.55829159110295 ], [ 8.088132225008579, 52.55830166944201 ], [ 8.088148761254242, 52.557504139852426 ], [ 8.090763917579807, 52.557524252636426 ], [ 8.090780405642354, 52.556726722358782 ], [ 8.09208796126088, 52.556736756804945 ], [ 8.092104424847216, 52.555939226128032 ], [ 8.094719490992148, 52.555959251131085 ], [ 8.094752321043533, 52.554364188294556 ], [ 8.094768734913931, 52.553566656708767 ], [ 8.096076198039247, 52.553576646694317 ], [ 8.096092587441259, 52.552779114710582 ], [ 8.096108976074298, 52.551981582615177 ], [ 8.09741639257202, 52.551991557592181 ], [ 8.097465482772884, 52.549598959778471 ], [ 8.098772828952255, 52.549608919463203 ], [ 8.098854512148094, 52.545621252780208 ], [ 8.098870846488111, 52.544823719108642 ], [ 8.100178051292554, 52.544833662648891 ], [ 8.100194361180129, 52.544036128580743 ], [ 8.10022697865999, 52.542441060109518 ], [ 8.10024328625237, 52.541643525706426 ], [ 8.100259593079782, 52.540845991191688 ], [ 8.10156668022827, 52.540855918877199 ], [ 8.101582962610093, 52.540058383966368 ], [ 8.101615525082501, 52.538463313809757 ], [ 8.101631805173179, 52.537665778563998 ], [ 8.101664363063726, 52.53607070773753 ], [ 8.102971308907271, 52.536080619288711 ], [ 8.103003816396724, 52.534485547447737 ], [ 8.103020068997949, 52.533688011359786 ], [ 8.104326944583814, 52.533697907632465 ], [ 8.104391852690055, 52.5305077610303 ], [ 8.104408077814069, 52.529710224100697 ], [ 8.105714835816983, 52.529720104531286 ], [ 8.105795831708896, 52.525732416793581 ], [ 8.10581202860836, 52.524934878911161 ], [ 8.105828224748295, 52.524137340917122 ], [ 8.107134817875977, 52.524147204944818 ], [ 8.107167160563453, 52.522552128056752 ], [ 8.107183330769752, 52.52175458944528 ], [ 8.107199500217822, 52.52095705072221 ], [ 8.108505999479011, 52.5209668991996 ], [ 8.108570575083924, 52.517776742062708 ], [ 8.109876980494876, 52.517786574993224 ], [ 8.109893098854997, 52.51698903514832 ], [ 8.111199481371784, 52.516998853379121 ], [ 8.111215575328458, 52.516201313141373 ], [ 8.11252193495099, 52.516211116673254 ], [ 8.112570141357125, 52.513818494448053 ], [ 8.113876430795228, 52.513828282721079 ], [ 8.113892474447185, 52.513030741475809 ], [ 8.113908517346974, 52.512233200118949 ], [ 8.115214760250442, 52.512242973415596 ], [ 8.115246796512391, 52.510647889807316 ], [ 8.116552992884364, 52.510657648129254 ], [ 8.116584978865662, 52.50906256351572 ], [ 8.117891128709275, 52.509072306864617 ], [ 8.117907096938453, 52.508274764111434 ], [ 8.119213223892652, 52.508284492767629 ], [ 8.119245110834852, 52.50668940636934 ], [ 8.1205511912648, 52.506699120055409 ], [ 8.120567109981192, 52.505901576410743 ], [ 8.120583027951373, 52.505104032654543 ], [ 8.120598945175393, 52.504306488786817 ], [ 8.121904955452756, 52.50431618722665 ], [ 8.121936740402873, 52.502721098601079 ], [ 8.123242704164426, 52.502730782074565 ], [ 8.12325857189389, 52.501933237317154 ], [ 8.12456451276991, 52.50194290610289 ], [ 8.124596198744436, 52.500347815699698 ], [ 8.125902093108753, 52.500357469522001 ], [ 8.125933728864203, 52.498762378119828 ], [ 8.127239576719957, 52.498772016980368 ], [ 8.127255369862814, 52.497974470835992 ], [ 8.128561194834882, 52.497984095012079 ], [ 8.128576963615789, 52.49718654848057 ], [ 8.12988276570408, 52.497196157973022 ], [ 8.129898510125251, 52.49639861105485 ], [ 8.132510069269813, 52.496417786266463 ], [ 8.133815849944552, 52.496427352260802 ], [ 8.13512163135279, 52.496436903847489 ], [ 8.135152929028383, 52.494841807483375 ], [ 8.159962016133091, 52.495020539911089 ], [ 8.159977215128821, 52.494222986443148 ], [ 8.166505847156897, 52.494269155542952 ], [ 8.166520927353163, 52.493471600641527 ], [ 8.173049458936495, 52.493517408257311 ], [ 8.173064420343312, 52.492719851932826 ], [ 8.174370105148238, 52.492728969975232 ], [ 8.174385042238324, 52.491931413278444 ], [ 8.176996366712876, 52.491949605623738 ], [ 8.177026144337161, 52.49035449085477 ], [ 8.178331760392066, 52.490363564898992 ], [ 8.178361488001849, 52.488768449165811 ], [ 8.179667057528592, 52.488777508286155 ], [ 8.179681896678472, 52.487979949993452 ], [ 8.180987443289348, 52.487988994450603 ], [ 8.181017072285854, 52.486393877013896 ], [ 8.182322572372692, 52.486402906550076 ], [ 8.182352151379641, 52.484807788151819 ], [ 8.183657604945585, 52.484816802768705 ], [ 8.183672369804752, 52.484019243144786 ], [ 8.1849778004567, 52.484028243101768 ], [ 8.184992541020284, 52.483230683109056 ], [ 8.186297948758149, 52.483239668406952 ], [ 8.18631266502836, 52.482442108045852 ], [ 8.187618049852061, 52.482451078685493 ], [ 8.18764743312177, 52.48085595711634 ], [ 8.18895277143066, 52.480864912842051 ], [ 8.188982104749179, 52.47926979031579 ], [ 8.190287396546404, 52.479278731129277 ], [ 8.190302038577624, 52.478481169443548 ], [ 8.191607307462554, 52.478490095602034 ], [ 8.191636542275671, 52.476894971386272 ], [ 8.192941764653064, 52.476903882635433 ], [ 8.192970949539907, 52.475308757465214 ], [ 8.194276125412905, 52.475317653806698 ], [ 8.194290693238976, 52.474520090800304 ], [ 8.195595846201554, 52.474528972490113 ], [ 8.195624932625758, 52.472933845635666 ], [ 8.19693003908807, 52.472942712420704 ], [ 8.196959075610906, 52.471347584614463 ], [ 8.198264135576094, 52.471356436496407 ], [ 8.198278629230849, 52.470558872173328 ], [ 8.199583666287493, 52.470567709406872 ], [ 8.199612604390435, 52.46897257992169 ], [ 8.200917594954083, 52.468981402255046 ], [ 8.200932039405625, 52.46818383709337 ], [ 8.202237007061623, 52.468192644780395 ], [ 8.20225142725435, 52.467395079255546 ], [ 8.203556372002614, 52.467403872297048 ], [ 8.203570767938732, 52.466606306409489 ], [ 8.204875689779184, 52.466615084806278 ], [ 8.204904432469441, 52.465019952195597 ], [ 8.206209307822983, 52.465028715697578 ], [ 8.206223654580478, 52.464231148974889 ], [ 8.207528507027105, 52.464239897834211 ], [ 8.207542829535761, 52.463442330750105 ], [ 8.208847659075388, 52.463451064967593 ], [ 8.208890551852425, 52.461058362299461 ], [ 8.21150007148835, 52.461075786063681 ], [ 8.211514320596338, 52.460278217786922 ], [ 8.212819057841878, 52.460286907834984 ], [ 8.212847506913915, 52.458691770451196 ], [ 8.214152197682759, 52.45870044561272 ], [ 8.214180596952531, 52.457105307288572 ], [ 8.215485241247823, 52.457113967565242 ], [ 8.216789886206023, 52.457122613453762 ], [ 8.216818188549293, 52.455527473695135 ], [ 8.219427386183135, 52.455544721320024 ], [ 8.219441489230574, 52.454747150780598 ], [ 8.220746065472198, 52.454755752765713 ], [ 8.220774222458822, 52.453160610861772 ], [ 8.222078752231802, 52.453169197968208 ], [ 8.222092806174334, 52.452371626604112 ], [ 8.223397313042609, 52.452380199078952 ], [ 8.223411342766227, 52.451582627358604 ], [ 8.224715826729719, 52.451591185202659 ], [ 8.224729832236626, 52.450793613126471 ], [ 8.227338755007642, 52.45081068516965 ], [ 8.227366669821437, 52.44921553970736 ], [ 8.228671085070092, 52.44922405366394 ], [ 8.228685017940103, 52.448426480522848 ], [ 8.231293803277543, 52.448443464797187 ], [ 8.23130768838414, 52.447645891059061 ], [ 8.232612058471707, 52.447654361378014 ], [ 8.232639779626648, 52.446059213084482 ], [ 8.235248427529083, 52.446076109604654 ], [ 8.235262240028439, 52.445278534808018 ], [ 8.236566541396549, 52.44528696125294 ], [ 8.236580329697899, 52.44448938610433 ], [ 8.237884608159368, 52.444497797926203 ], [ 8.237898372264917, 52.443700222426024 ], [ 8.240506884016808, 52.44371700244384 ], [ 8.240534316100135, 52.442121850150592 ], [ 8.241838525841207, 52.442130218108211 ], [ 8.241852217372587, 52.441332641555945 ], [ 8.244460591679784, 52.441349333851363 ], [ 8.244474235478179, 52.440551756710548 ], [ 8.245778400043088, 52.44056008104954 ], [ 8.245792019657767, 52.439762503559734 ], [ 8.248400303606669, 52.439779108622737 ], [ 8.248427446749782, 52.438183952360404 ], [ 8.249731542589698, 52.438192232848571 ], [ 8.249745089666458, 52.437394654314346 ], [ 8.251049162597891, 52.437402920187203 ], [ 8.251062685499754, 52.436605341305707 ], [ 8.252366735522621, 52.436613592564079 ], [ 8.252380234251788, 52.435816013335717 ], [ 8.253684261366017, 52.435824249980392 ], [ 8.253711209852584, 52.434229090720187 ], [ 8.25501519052059, 52.434237312516657 ], [ 8.255028640281337, 52.433439732485226 ], [ 8.25633259804161, 52.433447939670074 ], [ 8.256346023637411, 52.432650359293092 ], [ 8.257649958489877, 52.432658551867121 ], [ 8.257663359922937, 52.431860971145007 ], [ 8.258967271867517, 52.431869149109033 ], [ 8.258994025786381, 52.430273986864755 ], [ 8.260297891290845, 52.430282149985935 ], [ 8.260311243779991, 52.429484568464225 ], [ 8.261615086377478, 52.429492716977457 ], [ 8.26162841471163, 52.428695135111894 ], [ 8.264236054714345, 52.428711388550184 ], [ 8.264275894806707, 52.426318640894273 ], [ 8.266883396124831, 52.426334835446184 ], [ 8.266896627861035, 52.425537252209502 ], [ 8.268200355922506, 52.425545327695218 ], [ 8.268253182582566, 52.422354992718319 ], [ 8.269556817169054, 52.422363052908878 ], [ 8.269583179751114, 52.420767884295643 ], [ 8.272190356691803, 52.420783960644336 ], [ 8.272229754836035, 52.418391205515 ], [ 8.274836793128872, 52.418407223008685 ], [ 8.274849877584558, 52.417609637286056 ], [ 8.278760369061807, 52.417633555076677 ], [ 8.278773382363347, 52.416835968558999 ], [ 8.282683808771472, 52.416859756353688 ], [ 8.28269675092516, 52.416062169044707 ], [ 8.285303657863549, 52.416077955282823 ], [ 8.285329446308445, 52.414482779429854 ], [ 8.286632853659095, 52.414490650546973 ], [ 8.28664572346667, 52.41369306222952 ], [ 8.289252492951265, 52.413708760914069 ], [ 8.289278136726915, 52.412113583049248 ], [ 8.290581475351932, 52.412121410393873 ], [ 8.290607069715636, 52.410526231639274 ], [ 8.291910361926401, 52.410534044171115 ], [ 8.291923134705609, 52.409736454404573 ], [ 8.293226404008676, 52.409744252348446 ], [ 8.293251900768515, 52.408149072037773 ], [ 8.294555123661473, 52.408156855171761 ], [ 8.294580571034077, 52.406561673973911 ], [ 8.295883747520076, 52.40656944229967 ], [ 8.295896446814348, 52.405771851312814 ], [ 8.297199600394553, 52.40577960505388 ], [ 8.29722495020574, 52.404184422305185 ], [ 8.299831165151529, 52.404199885815082 ], [ 8.299856418609508, 52.402604701739747 ], [ 8.301159479977073, 52.402612411511036 ], [ 8.30117208232625, 52.401814819087171 ], [ 8.30377815983895, 52.401830195107351 ], [ 8.303790714613186, 52.4010326021331 ], [ 8.305093730757115, 52.401040268383191 ], [ 8.305118791561425, 52.399445081664858 ], [ 8.307724731639743, 52.399460370209965 ], [ 8.307737214183634, 52.398662776247768 ], [ 8.309040161608458, 52.398670398763372 ], [ 8.309052620079962, 52.397872804472726 ], [ 8.311658469697434, 52.397888005992428 ], [ 8.311670880611322, 52.397090411156441 ], [ 8.3168824928444, 52.397120641029325 ], [ 8.316907125043565, 52.395525449296393 ], [ 8.319512840672532, 52.395540477224259 ], [ 8.324724278798399, 52.395570360792284 ], [ 8.326027139754288, 52.395577795790928 ], [ 8.337752913766554, 52.395644064695176 ], [ 8.341661515182135, 52.395665895895412 ], [ 8.349478732952866, 52.395709170641837 ], [ 8.352084476604139, 52.395723480696446 ], [ 8.355993096170607, 52.395744838095915 ], [ 8.358598845261826, 52.395759004573769 ], [ 8.36250747294708, 52.395780146607599 ], [ 8.362518966210796, 52.394982543287711 ], [ 8.36382181969555, 52.394989561715981 ], [ 8.365124673716041, 52.394996565786876 ], [ 8.366427528271169, 52.395003555500395 ], [ 8.366416105464117, 52.395801159421538 ], [ 8.369021863145177, 52.395815096175177 ], [ 8.374233384875092, 52.395842797388362 ], [ 8.376839148906397, 52.395856561847701 ], [ 8.376850383827554, 52.395058956341238 ], [ 8.37815324314507, 52.395065816837736 ], [ 8.383364685640869, 52.395093115248436 ], [ 8.385970410008854, 52.395106678308444 ], [ 8.388576136445199, 52.395120183938076 ], [ 8.388565112898178, 52.395917791196581 ], [ 8.395079555411721, 52.395951304971099 ], [ 8.396382445447147, 52.395957964651771 ], [ 8.396393328076631, 52.395160356243707 ], [ 8.397696195134039, 52.395167001376123 ], [ 8.398999062698662, 52.395173632150822 ], [ 8.399020732491525, 52.393578414245418 ], [ 8.400323553592704, 52.393585030283759 ], [ 8.401626375198845, 52.393591631965187 ], [ 8.401637162368752, 52.392794022469502 ], [ 8.402939960995559, 52.392800609605509 ], [ 8.402950724178789, 52.392002999811538 ], [ 8.404253499826202, 52.392009572402955 ], [ 8.404264239024949, 52.391211962311083 ], [ 8.405566991692906, 52.391218520358713 ], [ 8.405588421624644, 52.389623299470237 ], [ 8.406891127834188, 52.389629842787663 ], [ 8.406901818570503, 52.388832231991493 ], [ 8.408204501801535, 52.388838760767179 ], [ 8.408215168561089, 52.3880411496744 ], [ 8.408247165846472, 52.385648315737285 ], [ 8.4082791586426, 52.383255480811982 ], [ 8.409581678057522, 52.383261993928507 ], [ 8.409613595961279, 52.380869157455983 ], [ 8.410916045469035, 52.380875655663054 ], [ 8.41093727465333, 52.379280430427201 ], [ 8.412239677726175, 52.379286913912836 ], [ 8.412282036290602, 52.376096461381728 ], [ 8.412292624693771, 52.375298847974484 ], [ 8.413594910953682, 52.375305316185113 ], [ 8.413616039359407, 52.373710088671167 ], [ 8.414918279197233, 52.373716542164935 ], [ 8.414928819203109, 52.372918928058667 ], [ 8.414939358716156, 52.372121313842612 ], [ 8.416241552135066, 52.372127752621154 ], [ 8.416273097359213, 52.369734908761743 ], [ 8.416283611450671, 52.368937293922407 ], [ 8.417585711551498, 52.368943717619835 ], [ 8.417596201701855, 52.368146102486939 ], [ 8.418898278842885, 52.368152511656675 ], [ 8.418908745054335, 52.367354896230665 ], [ 8.420210799235509, 52.367361290873497 ], [ 8.420252565405383, 52.364170827340146 ], [ 8.421554526290949, 52.364177206909396 ], [ 8.421564943170038, 52.363379590569146 ], [ 8.422866881098829, 52.363385955614369 ], [ 8.422887666513244, 52.361790722240499 ], [ 8.424189558044288, 52.361797072580863 ], [ 8.424199926582935, 52.360999455547663 ], [ 8.426803664216257, 52.361012112844122 ], [ 8.42681398539268, 52.3602144953391 ], [ 8.428115831493773, 52.360220802296418 ], [ 8.428126128750009, 52.359423184501253 ], [ 8.429427951894032, 52.359429476938629 ], [ 8.429448498090286, 52.357834240659145 ], [ 8.43205205207131, 52.357846781797761 ], [ 8.432062277580128, 52.357049163134711 ], [ 8.433364031852591, 52.357055412017168 ], [ 8.433374233449983, 52.356257793065652 ], [ 8.434675964765146, 52.356264027431422 ], [ 8.434686142453305, 52.35546640819188 ], [ 8.435987850811109, 52.355472628041795 ], [ 8.436008157898737, 52.353877388877791 ], [ 8.438611482311783, 52.353889784855774 ], [ 8.438621588285379, 52.353092164754678 ], [ 8.439923227770761, 52.353098341061873 ], [ 8.439933309843884, 52.352300720674414 ], [ 8.442536543368911, 52.35231302992765 ], [ 8.442546578116664, 52.351515409078445 ], [ 8.443848172155128, 52.351521542025687 ], [ 8.443868193392694, 52.34992629964745 ], [ 8.445169741047382, 52.349932417909102 ], [ 8.445179727540507, 52.349134796380511 ], [ 8.44648125223738, 52.349140900132817 ], [ 8.446521099858236, 52.345950412223608 ], [ 8.445219668845972, 52.345944309169596 ], [ 8.445229653005725, 52.34514668709275 ], [ 8.445249619925496, 52.343551442610071 ], [ 8.443948259631039, 52.343545325748238 ], [ 8.44398828152632, 52.340354836166775 ], [ 8.443998285831301, 52.339557213497258 ], [ 8.444028295941489, 52.33716434483069 ], [ 8.442727123403937, 52.337158215040077 ], [ 8.442757199523307, 52.334765345912409 ], [ 8.441456097669157, 52.334759202320768 ], [ 8.441496286209732, 52.33156870931785 ], [ 8.440195278429766, 52.331562552103662 ], [ 8.440245620526943, 52.327574434262452 ], [ 8.43894473019874, 52.327568263605386 ], [ 8.439035526844695, 52.320389646168309 ], [ 8.437734847485697, 52.320383462779631 ], [ 8.437825816378592, 52.313204838047355 ], [ 8.437835921673081, 52.312407212528498 ], [ 8.437896543530137, 52.307621457111246 ], [ 8.436596238643354, 52.307615262237874 ], [ 8.43664686070149, 52.303627130591607 ], [ 8.435346673104643, 52.303620922292858 ], [ 8.43538725567667, 52.300430415710572 ], [ 8.435397400135381, 52.299632788790646 ], [ 8.434097329801997, 52.299626567070462 ], [ 8.434148161754344, 52.295638431713947 ], [ 8.434178655230287, 52.293245549182977 ], [ 8.432878772178594, 52.293239314580042 ], [ 8.432899145480947, 52.291644059367087 ], [ 8.431599309595105, 52.291637810815871 ], [ 8.431619727681873, 52.290042555521104 ], [ 8.430319938958496, 52.290036293023228 ], [ 8.430350632536037, 52.287643409794832 ], [ 8.429050914311158, 52.287637133531348 ], [ 8.429071420983838, 52.286041877855666 ], [ 8.429091925742094, 52.284446621740834 ], [ 8.427792301341858, 52.28444033189394 ], [ 8.427812850852739, 52.282845075699534 ], [ 8.42651327359818, 52.282838771912026 ], [ 8.426523570965982, 52.28204114383032 ], [ 8.425224017523091, 52.282034825923226 ], [ 8.425244657476975, 52.280439569791582 ], [ 8.425254976731408, 52.279641941561053 ], [ 8.423955493758038, 52.279635609897177 ], [ 8.424017539118996, 52.274849839293658 ], [ 8.422718196575087, 52.274843494419528 ], [ 8.422728559100269, 52.274045865782583 ], [ 8.422738921141855, 52.273248237035801 ], [ 8.421439625721243, 52.273241878229136 ], [ 8.42146039498976, 52.271646620769573 ], [ 8.421470778897104, 52.270848991875035 ], [ 8.420171553912763, 52.270842619319573 ], [ 8.420181960650803, 52.270044990497333 ], [ 8.420223582747008, 52.266854474109884 ], [ 8.418924474812902, 52.26684808817312 ], [ 8.418945329566355, 52.265252829685309 ], [ 8.417646268736574, 52.26524642982244 ], [ 8.417667168157992, 52.263651171261003 ], [ 8.416368154429144, 52.263644757473642 ], [ 8.41638909851001, 52.262049498839367 ], [ 8.415090131878713, 52.262043071129149 ], [ 8.415132107383858, 52.258852553276839 ], [ 8.413833234447599, 52.258846112013565 ], [ 8.413843750398733, 52.258048482459863 ], [ 8.412544901251163, 52.258042027093268 ], [ 8.412576516050835, 52.255649138326248 ], [ 8.411277737283946, 52.255642669226916 ], [ 8.411298857946697, 52.254047409869152 ], [ 8.411309417539114, 52.253249780025399 ], [ 8.411341093360894, 52.250856889834679 ], [ 8.4113516509831, 52.250059259551286 ], [ 8.412650266712031, 52.250065727356628 ], [ 8.412660800554969, 52.249268096778493 ], [ 8.413959393487742, 52.249274550116091 ], [ 8.413969903553586, 52.248476919243629 ], [ 8.415268473690142, 52.248483358114299 ], [ 8.41528944578285, 52.2468880956717 ], [ 8.415299931095545, 52.246090464285537 ], [ 8.416598431869662, 52.246096888322917 ], [ 8.416608893411839, 52.245299256643321 ], [ 8.417907371391733, 52.24530566621624 ], [ 8.418230716138126, 52.220579023964099 ], [ 8.419528473415426, 52.220585413593888 ], [ 8.419549271828998, 52.218990142360056 ], [ 8.420846983097848, 52.218996517357276 ], [ 8.420857358332775, 52.218198881393405 ], [ 8.422155046839913, 52.218205241941426 ], [ 8.422175749372638, 52.216609969320551 ], [ 8.422217148647981, 52.213419422760083 ], [ 8.422248193039088, 52.211026511685866 ], [ 8.422258540204776, 52.210228874441349 ], [ 8.423555996806108, 52.210235218909524 ], [ 8.423566320256697, 52.209437581373862 ], [ 8.426161188434053, 52.209450227159863 ], [ 8.426192016514726, 52.20705731280983 ], [ 8.428786747220798, 52.207069900466465 ], [ 8.42881743162615, 52.204676984048838 ], [ 8.430114728011164, 52.204683255947479 ], [ 8.430145338453595, 52.202290338003564 ], [ 8.430165743037678, 52.200695058824977 ], [ 8.432760104998657, 52.200707558056202 ], [ 8.43278041480308, 52.19911227772409 ], [ 8.434077550053939, 52.199118505596566 ], [ 8.434097811530785, 52.197523224469272 ], [ 8.434148456962079, 52.193535019728657 ], [ 8.434199090595124, 52.189546812241737 ], [ 8.434209215906264, 52.188749170414788 ], [ 8.435506049879889, 52.188755381723034 ], [ 8.436802884323493, 52.188761578779129 ], [ 8.436812962755116, 52.187963936487918 ], [ 8.436843195232717, 52.185571008955229 ], [ 8.43685327178626, 52.18477336622464 ], [ 8.432963117892054, 52.184754734960791 ], [ 8.431666400869865, 52.18474849603934 ], [ 8.431676569747756, 52.183950853909209 ], [ 8.431696906082346, 52.182355569319313 ], [ 8.430400259125113, 52.182349316683549 ], [ 8.430410449777005, 52.181551674402364 ], [ 8.42911382648894, 52.181545407696746 ], [ 8.429175099579874, 52.176759552775835 ], [ 8.430471583719996, 52.176765818407695 ], [ 8.430481771049376, 52.175968175357319 ], [ 8.43177823247578, 52.175974426564672 ], [ 8.431798559339081, 52.174379139777216 ], [ 8.43309497486627, 52.174385376382759 ], [ 8.433115253468371, 52.172790088799594 ], [ 8.43441162309947, 52.172796310804941 ], [ 8.434421738509897, 52.171998666670852 ], [ 8.435718085429208, 52.172004874254945 ], [ 8.435738268475383, 52.170409585302629 ], [ 8.437034569502723, 52.17041577828941 ], [ 8.437044637141737, 52.169618133471594 ], [ 8.438340915458227, 52.169624312039147 ], [ 8.438350959450345, 52.168826666935026 ], [ 8.439647215055931, 52.168832831084138 ], [ 8.439657235403311, 52.16803518569413 ], [ 8.440953468297936, 52.168041335425627 ], [ 8.440973461241967, 52.166446043964868 ], [ 8.442269648250724, 52.166452179104354 ], [ 8.442279620850639, 52.165654533034022 ], [ 8.44487194991078, 52.165666760241386 ], [ 8.444881875700792, 52.164869113712044 ], [ 8.446178017751015, 52.164875205781136 ], [ 8.446187919907082, 52.164077558968017 ], [ 8.448780159044428, 52.164089700039391 ], [ 8.448799869292676, 52.162494405390312 ], [ 8.451392017582524, 52.162506488812994 ], [ 8.451401825681122, 52.161708840978704 ], [ 8.453993929458106, 52.161720867102559 ], [ 8.454003690764885, 52.16092321881505 ], [ 8.456595750022323, 52.160935187643247 ], [ 8.456605464541514, 52.160137538904202 ], [ 8.459197479272721, 52.160149450439917 ], [ 8.459216814294209, 52.158554151952245 ], [ 8.463104700769779, 52.15857191145875 ], [ 8.463114298115057, 52.157774261543175 ], [ 8.468298060337753, 52.157797740897728 ], [ 8.468307564586441, 52.157000090201983 ], [ 8.470899402028635, 52.157011744127161 ], [ 8.472195321409888, 52.157017549735485 ], [ 8.473491241229807, 52.157023341107625 ], [ 8.473510063112219, 52.155428038059178 ], [ 8.47480593704776, 52.155433814865212 ], [ 8.477397686227146, 52.155445325771055 ], [ 8.477407027032882, 52.154647673588642 ], [ 8.48259043795677, 52.154670523922725 ], [ 8.482599685693943, 52.153872870978212 ], [ 8.483895516344063, 52.15387854781202 ], [ 8.485191347423052, 52.153884210411157 ], [ 8.486487178929837, 52.153889858775635 ], [ 8.486496356764153, 52.153092205236391 ], [ 8.491679594417622, 52.153114655706275 ], [ 8.491697763557118, 52.151519347016837 ], [ 8.495585057300076, 52.151536034455951 ], [ 8.496880822720705, 52.151541568468588 ], [ 8.496889814038454, 52.150743913324952 ], [ 8.499481299823783, 52.15075493833475 ], [ 8.502072787272507, 52.150765906411898 ], [ 8.502081685557982, 52.149968250530726 ], [ 8.50337740674995, 52.149973713063559 ], [ 8.505968850370586, 52.149984595430837 ], [ 8.505977678784506, 52.149186938973401 ], [ 8.508569077741932, 52.149197764100343 ], [ 8.509864777833577, 52.149203155315178 ], [ 8.511160478332412, 52.149208532297578 ], [ 8.511177948720031, 52.147613217820954 ], [ 8.516360569557735, 52.147634582205981 ], [ 8.516369211544013, 52.146836924193373 ], [ 8.518960478078798, 52.146847520693321 ], [ 8.520256111946098, 52.146852797596367 ], [ 8.52026468408488, 52.146055139021037 ], [ 8.521560295202244, 52.146060401542535 ], [ 8.521577391988982, 52.144465083762839 ], [ 8.522872957210051, 52.144470331753752 ], [ 8.524168522827399, 52.144475565514554 ], [ 8.524177024333355, 52.143677906161187 ], [ 8.525472567200625, 52.143683125542879 ], [ 8.525481045166615, 52.142885465930988 ], [ 8.528072085793902, 52.142895861708389 ], [ 8.528080517078905, 52.142098201690224 ], [ 8.529376014837778, 52.14210337808715 ], [ 8.529392829947199, 52.140508057426786 ], [ 8.530688281813681, 52.140513219300033 ], [ 8.530696665641354, 52.139715558658267 ], [ 8.533287524262294, 52.139725839426823 ], [ 8.533304198193248, 52.138130517227879 ], [ 8.534599581808653, 52.138135635978273 ], [ 8.534616207914807, 52.136540313049196 ], [ 8.534624520387482, 52.135742651420472 ], [ 8.535919834981945, 52.135747755506735 ], [ 8.53592812393409, 52.134950093622834 ], [ 8.535936412500432, 52.134152431629474 ], [ 8.537231681213928, 52.134157521199405 ], [ 8.537256475207109, 52.131764534126724 ], [ 8.537264739102207, 52.130966871550257 ], [ 8.535969562908244, 52.130961782561478 ], [ 8.536176613207269, 52.111020186205231 ], [ 8.53747121154414, 52.111025271563648 ], [ 8.537528980802431, 52.105441611306873 ], [ 8.538823417843002, 52.105446681439041 ], [ 8.538938576740557, 52.094279342806509 ], [ 8.537644462901602, 52.094274274699757 ], [ 8.537669199283851, 52.09188127120634 ], [ 8.537677443977682, 52.091083603156221 ], [ 8.537718661695996, 52.087095261263237 ], [ 8.536424755901152, 52.087090180256986 ], [ 8.536449551133401, 52.084697174242223 ], [ 8.535155714923373, 52.084692079471182 ], [ 8.53517228928529, 52.083096741871266 ], [ 8.535180575888242, 52.082299072907027 ], [ 8.53518886210589, 52.0815014038333 ], [ 8.535213718447247, 52.079108395955018 ], [ 8.535222003123916, 52.078310726443227 ], [ 8.535230287415398, 52.077513056821942 ], [ 8.533936659135076, 52.077507949163035 ], [ 8.533978190080738, 52.07351960014249 ], [ 8.532684677451165, 52.073514479018158 ], [ 8.532717987450267, 52.070323798414762 ], [ 8.532726313982257, 52.069526127990088 ], [ 8.531432916977479, 52.069520993404247 ], [ 8.531441266166825, 52.068723323016535 ], [ 8.531457963381195, 52.067127981912513 ], [ 8.531566457446743, 52.056758254056 ], [ 8.5302734294114, 52.056753107627976 ], [ 8.530323619637853, 52.051967074023189 ], [ 8.529030730138176, 52.051961914292875 ], [ 8.529055889063152, 52.049568896453039 ], [ 8.527763069011845, 52.049563722982406 ], [ 8.527796700853708, 52.046373031585652 ], [ 8.526503973256428, 52.046367844525051 ], [ 8.526520832858866, 52.044772498465164 ], [ 8.525228151678192, 52.044767297521027 ], [ 8.525236603903016, 52.043969624475075 ], [ 8.52525350717454, 52.042374278054432 ], [ 8.525278859136868, 52.039981257601518 ], [ 8.523986316398947, 52.039976043370459 ], [ 8.524003261752455, 52.038380696151357 ], [ 8.524011733838773, 52.037583022377419 ], [ 8.522719260504726, 52.037577794416748 ], [ 8.522727755198913, 52.036780120682344 ], [ 8.522736249498461, 52.035982446838325 ], [ 8.521443822560297, 52.035977205000911 ], [ 8.521460855973114, 52.034381857283087 ], [ 8.521469372086063, 52.033584183259762 ], [ 8.521477887803405, 52.032786509126836 ], [ 8.520185553251027, 52.032781253714106 ], [ 8.520194091567788, 52.03198357962146 ], [ 8.520211167011453, 52.030388231107295 ], [ 8.520219704138407, 52.029590556685797 ], [ 8.520228240868807, 52.028792882154676 ], [ 8.518936021676705, 52.028787613320063 ], [ 8.518944581000216, 52.027989938829585 ], [ 8.517652385194737, 52.02798465597435 ], [ 8.517660967109219, 52.027186981524935 ], [ 8.517678129742366, 52.025591632297179 ], [ 8.516386003297301, 52.025586335724277 ], [ 8.516394607001329, 52.024788661097027 ], [ 8.51640321030575, 52.023990986360118 ], [ 8.516411813210587, 52.02319331151358 ], [ 8.516429017821606, 52.021597961491572 ], [ 8.515137006691379, 52.021592651506282 ], [ 8.515145631377568, 52.02079497648225 ], [ 8.513853643627259, 52.020789652481156 ], [ 8.513862290891762, 52.01999197749933 ], [ 8.512570326521322, 52.01998663948325 ], [ 8.512578996362002, 52.019188964544 ], [ 8.51128705537138, 52.019183612513771 ], [ 8.511313131404536, 52.016790587495898 ], [ 8.510021259743796, 52.016785221758376 ], [ 8.510029973921011, 52.015987546686098 ], [ 8.508738125637802, 52.015982166936823 ], [ 8.50874686238271, 52.015184491908315 ], [ 8.507455037476978, 52.015179098148103 ], [ 8.507472555691161, 52.013583748069642 ], [ 8.507481314188142, 52.0127860728659 ], [ 8.506189558599138, 52.012780665403994 ], [ 8.506198339657464, 52.011982990244761 ], [ 8.504906607443651, 52.011977568774363 ], [ 8.504915411061189, 52.011179893660028 ], [ 8.503623702222519, 52.011174458181927 ], [ 8.503641354161923, 52.009579107934172 ], [ 8.502349691663115, 52.00957365860458 ], [ 8.502358539981808, 52.008775983471537 ], [ 8.501066900856946, 52.008770520136274 ], [ 8.501084642185988, 52.00717516985263 ], [ 8.499793049396549, 52.007169692668697 ], [ 8.499801942403726, 52.006372017518487 ], [ 8.498510372987036, 52.006366526330893 ], [ 8.49854603271808, 52.003175825259078 ], [ 8.497254555545718, 52.003170320539589 ], [ 8.497263492398835, 52.002372645154253 ], [ 8.495972038595847, 52.002367126433931 ], [ 8.495998915524641, 51.999974100091578 ], [ 8.494707530995699, 51.999968567686764 ], [ 8.494716512090912, 51.999170892177574 ], [ 8.493425150929053, 51.999165345774344 ], [ 8.493452160559025, 51.996772319062643 ], [ 8.493461162933141, 51.995974643272554 ], [ 8.492169893980872, 51.995969083347362 ], [ 8.49217891888248, 51.995171407606044 ], [ 8.490887673293914, 51.995165833685249 ], [ 8.490914814314941, 51.992772806279426 ], [ 8.489623637975379, 51.992767218682495 ], [ 8.489641775770837, 51.991171866848354 ], [ 8.488350645732679, 51.991166265417974 ], [ 8.488359736937914, 51.990368589495922 ], [ 8.487068630260032, 51.99036297407357 ], [ 8.487095970154309, 51.987969946129013 ], [ 8.485804932709062, 51.987964317036507 ], [ 8.485814068095813, 51.987166640995881 ], [ 8.484523054008552, 51.987160997913833 ], [ 8.484541369376066, 51.985565645824934 ], [ 8.483250401579166, 51.985559988915433 ], [ 8.483268761108315, 51.983964636709864 ], [ 8.48197783959848, 51.983958965974516 ], [ 8.481987041653223, 51.983161289868661 ], [ 8.48069614349903, 51.983155605147005 ], [ 8.480714592182544, 51.981560252929974 ], [ 8.479423740310972, 51.981554554385283 ], [ 8.479451478900495, 51.979161525723335 ], [ 8.478160696232061, 51.97915581352008 ], [ 8.478169964493175, 51.978358137242594 ], [ 8.476879205176951, 51.978352411056647 ], [ 8.476888495929634, 51.977554734832573 ], [ 8.475597759965565, 51.977548994664751 ], [ 8.475625698395465, 51.975155965824293 ], [ 8.474335031621395, 51.975150212003484 ], [ 8.474344366484456, 51.974352535667649 ], [ 8.47305372306025, 51.974346767867388 ], [ 8.473081793796243, 51.971953738693905 ], [ 8.471791219551136, 51.971947957244637 ], [ 8.471809977029457, 51.970352604242542 ], [ 8.470519449043882, 51.970346808981468 ], [ 8.470547650727363, 51.967953779149809 ], [ 8.46925719190677, 51.96794797024409 ], [ 8.469266614503326, 51.967150293579344 ], [ 8.467976179026929, 51.967144470699395 ], [ 8.467995068720706, 51.965549117372177 ], [ 8.466704679493951, 51.965543280685203 ], [ 8.466733079458546, 51.963150250369203 ], [ 8.465442759380425, 51.963144400043568 ], [ 8.465461736295744, 51.961549046283523 ], [ 8.46417146245852, 51.96154318215445 ], [ 8.464180973155001, 51.960745505276698 ], [ 8.462890722657395, 51.960739627178235 ], [ 8.462919320790551, 51.958346596388068 ], [ 8.462928852617219, 51.957548919238143 ], [ 8.46163869414667, 51.957543027674923 ], [ 8.4616482484249, 51.956745350582992 ], [ 8.461667355651841, 51.955149996069302 ], [ 8.460377266301711, 51.955144090876153 ], [ 8.460386842140972, 51.954346413622716 ], [ 8.459096776124845, 51.954340494464589 ], [ 8.459106374409354, 51.953542817269913 ], [ 8.457816331727173, 51.953536884147631 ], [ 8.457845192571408, 51.951143852411143 ], [ 8.457854811960434, 51.950346174945729 ], [ 8.45656486127065, 51.950340228368596 ], [ 8.456574503097574, 51.94954255096269 ], [ 8.455284575738359, 51.949536590424209 ], [ 8.455294240001059, 51.948738913078216 ], [ 8.455313567181843, 51.947143558056304 ], [ 8.454023708915816, 51.947137583897842 ], [ 8.454033394713701, 51.946339906392183 ], [ 8.452743559775948, 51.946333918274789 ], [ 8.452753268003301, 51.945536240829796 ], [ 8.452762975780425, 51.944738563274839 ], [ 8.451473187048466, 51.94473256137038 ], [ 8.451492647004104, 51.943137206272546 ], [ 8.448913162396769, 51.943125160765128 ], [ 8.448922937446461, 51.942327483394514 ], [ 8.447633218695554, 51.942321439621722 ], [ 8.447643016165191, 51.941523762313338 ], [ 8.445063625771905, 51.941511632732066 ], [ 8.445073468531493, 51.940713955659355 ], [ 8.443783796890086, 51.940707869852083 ], [ 8.443793662064293, 51.939910192842781 ], [ 8.439924718498103, 51.93989185118599 ], [ 8.439944584690529, 51.938296497882689 ], [ 8.438654983492308, 51.938290356095429 ], [ 8.438664938765379, 51.937492679453726 ], [ 8.436085783488277, 51.937480353855392 ], [ 8.436095784033023, 51.936682677454897 ], [ 8.434806229955113, 51.936676493645017 ], [ 8.434816252901696, 51.935878817310652 ], [ 8.432237191870163, 51.935866407671988 ], [ 8.432257327824777, 51.934271055380286 ], [ 8.430967843735461, 51.934264829730139 ], [ 8.43097793387483, 51.93346715359656 ], [ 8.427109553000763, 51.933448392443069 ], [ 8.427119711255774, 51.932650716734024 ], [ 8.424540838745036, 51.932638139044165 ], [ 8.424551042249114, 51.93184046358342 ], [ 8.42068280560852, 51.93182149167361 ], [ 8.420693077216203, 51.931023816643375 ], [ 8.416824913431942, 51.931004718182912 ], [ 8.415535526459827, 51.930998323786966 ], [ 8.415556251104167, 51.929402974848948 ], [ 8.414266910326054, 51.929396566697029 ], [ 8.411688230213134, 51.929383708032049 ], [ 8.411698660381212, 51.9285860339468 ], [ 8.407830712402218, 51.928566640599257 ], [ 8.407841210649828, 51.927768966956428 ], [ 8.403973335607715, 51.927749447085816 ], [ 8.40398390192826, 51.926951773889002 ], [ 8.4026946340776, 51.926945239212685 ], [ 8.401405366717118, 51.926938690417302 ], [ 8.400116099847873, 51.926932127502852 ], [ 8.400137368128645, 51.92533678189816 ], [ 8.396269707587557, 51.925317009567486 ], [ 8.396280409538042, 51.924519337163154 ], [ 8.394991213196874, 51.924512718338448 ], [ 8.391123627156205, 51.924492777157617 ], [ 8.391134420005324, 51.923695105399844 ], [ 8.388556077505003, 51.923681741071341 ], [ 8.38726690700685, 51.923675037731087 ], [ 8.385977737011446, 51.923668320273528 ], [ 8.385988620750267, 51.922870649168686 ], [ 8.380832037206801, 51.92284363893522 ], [ 8.380843011826389, 51.92204596848967 ], [ 8.373108288849444, 51.922005030800889 ], [ 8.373130510697404, 51.920409691911651 ], [ 8.366685150794659, 51.920375190937037 ], [ 8.366696375160178, 51.919577522309865 ], [ 8.357673053044925, 51.91952862948807 ], [ 8.35768443678112, 51.91873096214362 ], [ 8.351239336691696, 51.918695616256315 ], [ 8.351250834101799, 51.917897949808484 ], [ 8.344805861517081, 51.917862252075018 ], [ 8.344817472589721, 51.917064586533812 ], [ 8.337083660267675, 51.917021284723553 ], [ 8.337107154846327, 51.915425955777017 ], [ 8.331951473522464, 51.915396807292872 ], [ 8.328084718278587, 51.915374797746161 ], [ 8.328096624599825, 51.914577134564595 ], [ 8.319074374880385, 51.914525286489834 ], [ 8.319086440489341, 51.913727624674877 ], [ 8.310064377969853, 51.913675086600371 ], [ 8.310076602850067, 51.912877426171633 ], [ 8.299765890885054, 51.912816537692528 ], [ 8.299778297851525, 51.912018878887871 ], [ 8.294623046941284, 51.911988096857094 ], [ 8.294648041787708, 51.91039278066927 ], [ 8.286915456750329, 51.910346186957639 ], [ 8.28692809027303, 51.909548530024942 ], [ 8.284350612248913, 51.909532886354846 ], [ 8.284363290839822, 51.908735229756928 ], [ 8.279208433147604, 51.908703774000593 ], [ 8.279221202453661, 51.90790611818796 ], [ 8.276643822799905, 51.907890306106765 ], [ 8.276656637163233, 51.907092650633643 ], [ 8.272790640605866, 51.907068827377039 ], [ 8.272816404488077, 51.90547351745532 ], [ 8.268950550232065, 51.905449568591088 ], [ 8.268963499741176, 51.904651914146015 ], [ 8.26509771934111, 51.904627839003055 ], [ 8.265110736710065, 51.90383018513284 ], [ 8.262533598426375, 51.903814064963086 ], [ 8.262546660829774, 51.903016411441065 ], [ 8.258681026396145, 51.902992126081081 ], [ 8.258694156647278, 51.902194473139872 ], [ 8.256117115695959, 51.902178212833839 ], [ 8.256143465637017, 51.900582907544582 ], [ 8.253566518387819, 51.900566591746525 ], [ 8.253579738071325, 51.899768939400026 ], [ 8.245849047922201, 51.899719654900281 ], [ 8.245862403871918, 51.898922003846693 ], [ 8.240708714035732, 51.898888866375486 ], [ 8.240722160614128, 51.898091216154761 ], [ 8.230414993364588, 51.8980242661464 ], [ 8.230428621804688, 51.897226617721721 ], [ 8.217544947656181, 51.897141663353302 ], [ 8.217572658815246, 51.895546371010326 ], [ 8.208554444306966, 51.895486067286342 ], [ 8.208540429393858, 51.896283711795569 ], [ 8.184062146431126, 51.896116542412592 ], [ 8.184047697510444, 51.896914182047986 ], [ 8.178894314055078, 51.896878338790223 ], [ 8.178879773229275, 51.897675977292927 ], [ 8.177591406235704, 51.89766698096706 ], [ 8.175014674270972, 51.897648946008069 ], [ 8.172437945009818, 51.897630854639502 ], [ 8.172408633233854, 51.899226128738974 ], [ 8.171120223999376, 51.899217061384533 ], [ 8.167255000375013, 51.899189774702435 ], [ 8.167240252221569, 51.899987410548981 ], [ 8.164663394258602, 51.899969148391861 ], [ 8.162086539033472, 51.899950829820895 ], [ 8.162071698946267, 51.900748464513548 ], [ 8.158206352823122, 51.900720880095641 ], [ 8.158191443607759, 51.901518513890686 ], [ 8.15561450401265, 51.901500053233946 ], [ 8.155584592249408, 51.903095319436829 ], [ 8.153007564162397, 51.90307680130843 ], [ 8.151719051159555, 51.903067521086854 ], [ 8.151704025788995, 51.903865153228622 ], [ 8.150415490664949, 51.903855858637371 ], [ 8.149126956237181, 51.903846549940852 ], [ 8.149111884535534, 51.90464418144078 ], [ 8.145246216988525, 51.904616169921724 ], [ 8.145215934576582, 51.906211430989941 ], [ 8.142638735104375, 51.906192685047735 ], [ 8.142623547205179, 51.90699031487997 ], [ 8.141334925702349, 51.906980920481651 ], [ 8.141319714277962, 51.907778549934335 ], [ 8.138742427742271, 51.907759718280943 ], [ 8.138727169968245, 51.908557347085214 ], [ 8.137438504936565, 51.908547909828968 ], [ 8.137407941619466, 51.910143166563969 ], [ 8.133541813828449, 51.910114768532132 ], [ 8.133526462631448, 51.910912395922658 ], [ 8.132237731961769, 51.910902901424997 ], [ 8.129660272757809, 51.910883870103788 ], [ 8.129644852370447, 51.911681496569607 ], [ 8.128356101012058, 51.911671959474369 ], [ 8.124489851229068, 51.911643263534778 ], [ 8.124474338818208, 51.91244088879931 ], [ 8.116741721700111, 51.912383114333359 ], [ 8.115452954708989, 51.91237343587332 ], [ 8.11542160813068, 51.913968682222539 ], [ 8.110266364802907, 51.913929825076309 ], [ 8.108977555792263, 51.913920075514852 ], [ 8.107688747512251, 51.913910311843487 ], [ 8.106399939963927, 51.913900534062208 ], [ 8.106384105776364, 51.91469815512702 ], [ 8.103806447219752, 51.914678556676463 ], [ 8.103790566636949, 51.915476177070708 ], [ 8.099924015824719, 51.915446672727441 ], [ 8.099892115458028, 51.917041911498117 ], [ 8.09731432727718, 51.917022170258036 ], [ 8.097298330317651, 51.917819788912588 ], [ 8.094720499430998, 51.917799990662971 ], [ 8.094704456060816, 51.9185976086412 ], [ 8.092126582475055, 51.918577753378983 ], [ 8.092110492690127, 51.919375370679219 ], [ 8.08953257641196, 51.919355458401299 ], [ 8.089500303256473, 51.92095069153028 ], [ 8.08692229861761, 51.920930721664583 ], [ 8.086906115240796, 51.921728337491636 ], [ 8.084328067921, 51.921708310602448 ], [ 8.08431183811499, 51.922505925746563 ], [ 8.081733748120969, 51.922485841830792 ], [ 8.081717471881673, 51.923283456290321 ], [ 8.080428405173691, 51.923273392874769 ], [ 8.080412105338441, 51.924071006935222 ], [ 8.07912301654345, 51.924060929118184 ], [ 8.077833928503985, 51.924050837186442 ], [ 8.077817582228221, 51.924848450559821 ], [ 8.075239362735346, 51.92482822377594 ], [ 8.075222970014977, 51.925625836460597 ], [ 8.072644707870388, 51.92560555263853 ], [ 8.072628268701321, 51.926403164632831 ], [ 8.0674716621744, 51.926362426443035 ], [ 8.06743859878325, 51.927957647772708 ], [ 8.060992629392684, 51.927906404511113 ], [ 8.060975982311433, 51.92870401354709 ], [ 8.053240707400986, 51.928642054024969 ], [ 8.050662288635133, 51.928621287916819 ], [ 8.048083872985522, 51.928600465341873 ], [ 8.044216255372566, 51.928569125604575 ], [ 8.042927051068862, 51.928558650792255 ], [ 8.035191841777122, 51.928495505470856 ], [ 8.032613445002569, 51.928474344098504 ], [ 8.015853943747267, 51.928335418834578 ], [ 8.013275570994654, 51.928313833973597 ], [ 8.009408017941249, 51.928281350811325 ], [ 8.001672933810934, 51.92821600335391 ], [ 8.000383755983682, 51.928205062705132 ], [ 7.999094578976718, 51.928194107940442 ], [ 7.997805402791099, 51.928183139059882 ], [ 7.997787635436397, 51.92898073314111 ], [ 7.991341652637264, 51.92892567543187 ], [ 7.988763265304364, 51.928903553534887 ], [ 7.987474072882159, 51.928892471412198 ], [ 7.986184881290861, 51.928881375173411 ], [ 7.979738935834972, 51.928825682238688 ], [ 7.979720847806115, 51.929623271788778 ], [ 7.969407195901394, 51.929533426503639 ], [ 7.969388924258341, 51.930331013380432 ], [ 7.966810474025188, 51.930308410252607 ], [ 7.964232027183727, 51.930285750658527 ], [ 7.960364363299449, 51.930251655393526 ], [ 7.96032749759794, 51.931846824284669 ], [ 7.955170441585809, 51.931801163698978 ], [ 7.955151916055398, 51.932598746673428 ], [ 7.952573347491755, 51.932575831024479 ], [ 7.952554775401772, 51.933373413232559 ], [ 7.949976164576462, 51.933350440458888 ], [ 7.949938926405993, 51.934945603225522 ], [ 7.948649576582105, 51.934934095006 ], [ 7.946070879524505, 51.934911036210956 ], [ 7.946052190584531, 51.935708616439115 ], [ 7.939605348833815, 51.93565072072608 ], [ 7.938315983090927, 51.935639099226627 ], [ 7.937026618219588, 51.935627463608263 ], [ 7.924133017674189, 51.935510330889933 ], [ 7.924152095111079, 51.934712756311875 ], [ 7.920284100678078, 51.934677342190689 ], [ 7.920303245784019, 51.933879768508071 ], [ 7.916435327880715, 51.933844228335929 ], [ 7.916473752526443, 51.932249082654941 ], [ 7.915184494034701, 51.932237208372143 ], [ 7.915203727869318, 51.93143963569937 ], [ 7.913914493115599, 51.931427747638438 ], [ 7.912625259253249, 51.931415845461039 ], [ 7.912644537889381, 51.930618273352387 ], [ 7.911355327765946, 51.930606357398077 ], [ 7.910066118535936, 51.930594427327748 ], [ 7.910085441969188, 51.929796855784765 ], [ 7.908796256478984, 51.929784911938775 ], [ 7.908815601860748, 51.928987340622314 ], [ 7.906237279256212, 51.928963411265478 ], [ 7.906276058699906, 51.9273682696547 ], [ 7.904986944428446, 51.927356284486592 ], [ 7.905006355643047, 51.926558713851946 ], [ 7.902428175478334, 51.92653470185703 ], [ 7.901139086746272, 51.926522674688798 ], [ 7.901158565580372, 51.925725104967128 ], [ 7.899869500589558, 51.925713064028137 ], [ 7.899889001359362, 51.924915494535668 ], [ 7.897310919763611, 51.924891371004847 ], [ 7.897350009939284, 51.923296233052795 ], [ 7.896061016171538, 51.92328415080646 ], [ 7.896041448700372, 51.924081719495192 ], [ 7.894752433001989, 51.924069622792082 ], [ 7.893463418210326, 51.924057511976464 ], [ 7.893502643588472, 51.922462375864448 ], [ 7.892213675375798, 51.922450251627254 ], [ 7.892233309535353, 51.921652683745727 ], [ 7.888366478855611, 51.921616227402993 ], [ 7.888386180603708, 51.92081866044618 ], [ 7.887097261698793, 51.920806480456548 ], [ 7.887116985365446, 51.920008913732737 ], [ 7.884539195958367, 51.919984512116471 ], [ 7.884558964371971, 51.919186945973848 ], [ 7.883270093870691, 51.919174724348444 ], [ 7.883289884197509, 51.918377158439959 ], [ 7.880712191602301, 51.918352673557116 ], [ 7.880732026668442, 51.917555108232143 ], [ 7.875576743814163, 51.917505970553322 ], [ 7.875596669269171, 51.916708406514196 ], [ 7.871730285287434, 51.916671406165236 ], [ 7.871750278296344, 51.915873843066095 ], [ 7.867883971118415, 51.915836716798609 ], [ 7.86790403167443, 51.91503915464299 ], [ 7.862749059736153, 51.914989456857022 ], [ 7.862789360641377, 51.913394335034774 ], [ 7.860211971553354, 51.913369402917304 ], [ 7.860191775923531, 51.914166963175241 ], [ 7.858903059958759, 51.914154475600753 ], [ 7.858943495925421, 51.912559355682092 ], [ 7.857654826539029, 51.912546854712872 ], [ 7.851211493676388, 51.912484138274174 ], [ 7.83961355394715, 51.912370360003088 ], [ 7.839592994125471, 51.913167914635203 ], [ 7.815108275114298, 51.912923956972811 ], [ 7.813819615343635, 51.912910976036272 ], [ 7.802221721296079, 51.912793512850044 ], [ 7.802200498735278, 51.913591056701271 ], [ 7.799623154083053, 51.913564797861113 ], [ 7.799601884898062, 51.91436234084938 ], [ 7.79702449854199, 51.914336024835862 ], [ 7.796981865927696, 51.91593110896823 ], [ 7.794404392230146, 51.915904735026949 ] ] ] ] } }
]
}
